Rank,Name,NameASCII,Team,Age,PA,wRC+,BB%,K%,ISO,Spd,z_wRC+,z_BB%,z_K%,z_ISO,z_Spd,hot_composite
1,Do Yeong Kim 김도영,Do Yeong Kim,Tigers (KBO),22.0,513,164.8073097975381,0.140350877,0.167641325,0.331786543,4.754463610421855,2.376650553006832,1.6856851395918746,-0.5732759874984806,3.074365193377348,0.2917424198439163,1.8644551295846519
2,Hyun Min Ahn 안현민,Hyun Min Ahn,Wiz (KBO),22.0,287,165.05806100098675,0.177700348,0.209059233,0.225806452,4.397568820846926,2.3851514463557573,2.948390495534016,0.14648096361246152,1.450864479983738,0.1280878976907722,1.7336525990141867
3,Seung-kyu Park 박승규,Seung-kyu Park,Lions (KBO),25.0,305,134.5850047064947,0.157377049,0.144262295,0.192,7.275162769458838,1.3520628788334306,2.2613034281505557,-0.9795548211066687,0.9329860896046731,1.4476119601511783,1.4492363577897207
4,Seong-han Park 박성한,Seong-han Park,Landers (KBO),28.0,530,135.82048582001133,0.141509433,0.137735849,0.095343681,3.930651690876409,1.3939477951814667,1.72485342838394,-1.0929708554112072,-0.5476844907829242,-0.08601749701519294,0.8952046761040019
5,Hyun Bin Moon 문현빈,Hyun Bin Moon,Eagles (KBO),22.0,515,125.14994110739588,0.106796116,0.126213592,0.167037862,5.614053466622405,1.0321981352423246,0.5512707744711879,-1.293203676640051,0.5505930526820143,0.6859083512987845,0.8201671313527834
6,Ji-chan Kim 김지찬,Ji-chan Kim,Lions (KBO),25.0,456,123.79572485093462,0.127192982,0.076754385,0.047493404,7.145368955205971,0.9862878950950021,1.2408449840398903,-2.1527016511559287,-1.2806991363882188,1.3880948551934793,0.8116725204535666
7,Won-jun Choi 최원준,Won-jun Choi,Wiz (KBO),29.0,529,136.31331947480766,0.105860113,0.1342155,0.126086957,6.019314692891388,1.410655696402138,0.5196265243751718,-1.15414718674804,-0.07673065363197616,0.8717413594277067,0.7980534232430158
8,Whee Jip Kim 김휘집,Whee Jip Kim,Dinos (KBO),24.0,224,121.20559589415988,0.102678571,0.178571428,0.213903744,4.902863752648351,0.8984781070713387,0.4120654260250805,-0.3833335690980013,1.2685278283826764,0.35979147820215557,0.7197445374891227
9,Jun-su Han 한준수,Jun-su Han,Tigers (KBO),27.0,330,120.53305204819463,0.139393939,0.154545454,0.148698885,1.236727562056712,0.8756777239489612,1.6533331221321204,-0.8008549415852542,0.26965970037522086,-1.321319549320031,0.7179648240985476
10,Jae Hyeon Lee 이재현,Jae Hyeon Lee,Lions (KBO),23.0,247,109.8577900469692,0.101214574,0.153846153,0.25,3.5491728324649077,0.5137681398825645,0.362570833371192,-0.8130073360439222,1.8214835468943578,-0.2609450726158844,0.7049264528314388
11,Baek-ho Kang 강백호,Baek-ho Kang,Eagles (KBO),26.0,455,130.13513780472212,0.098901098,0.206593406,0.257425742,1.414752217700758,1.2012048034638079,0.2843571811338258,0.10363002764807037,1.9352379069889996,-1.2396861357708884,0.6789851999960993
12,Chan-ui Song 송찬의,Chan-ui Song,Twins (KBO),27.0,334,141.13599830377416,0.080838323,0.230538922,0.239726028,3.92375649612767,1.5741527317795112,-0.3263064273461394,0.5197532077212474,1.6640973745104712,-0.08917929661193612,0.6366077767800321
13,Jeong Bin Moon 문정빈,Jeong Bin Moon,Twins (KBO),22.0,234,133.30222786148852,0.094017094,0.303418803,0.298076923,2.9291474587499997,1.3085745565446758,0.11923950090636407,1.786253701804345,2.5579701648221502,-0.5452584311241196,0.6115123767713602
14,Ju Won Kim 김주원,Ju Won Kim,Dinos (KBO),23.0,504,122.9310621800397,0.08531746,0.13095238,0.163265306,5.4703143401443315,0.9569743562286589,-0.1748764303885223,-1.2108534139748985,0.49280156279437715,0.6199966071500491,0.5855611846415822
15,Seong-yoon Kim 김성윤,Seong-yoon Kim,Lions (KBO),27.0,396,112.18215477979383,0.106060606,0.101010101,0.088757397,6.022987803803401,0.5925680675638337,0.5264047618749453,-1.7311878413523796,-0.648579259524092,0.8734256687218742,0.5266765019081124
16,Dong-hui Han 한동희,Dong-hui Han,Giants (KBO),27.0,338,123.2869112745373,0.076923076,0.162721893,0.215231788,2.1436742097191317,0.969038247284939,-0.4586725151211549,-0.6587654665305361,1.2888720304028285,-0.9054381058885688,0.4420887608764823
17,Bo-gyeong Moon 문보경,Bo-gyeong Moon,Twins (KBO),25.0,363,98.54221349487966,0.151515151,0.192837465,0.126666667,1.05474238375,0.1301508007513941,2.0631252531347295,-0.13541956785110354,-0.0678501215463656,-1.4047690651569298,0.4210925578618
18,Sang Jun Park 박상준,Sang Jun Park,Tigers (KBO),24.0,137,122.01658741013112,0.145985401,0.284671532,0.139130435,1.08035714,0.9259721022719095,1.8761762882612762,1.4604651898251646,0.1230813642510228,-1.3930233887934396,0.41307985824397786
19,Si-hwan Roh 노시환,Si-hwan Roh,Eagles (KBO),25.0,496,124.23646862151836,0.092741935,0.264112903,0.222988506,3.613504564806069,1.001229860423207,0.0761291152471449,1.1031990495830986,1.407696585918572,-0.23144568169421795,0.4123161285155762
20,Tae-yean Kim 김태연,Tae-yean Kim,Eagles (KBO),29.0,357,111.2007683615066,0.086834733,0.176470588,0.174917492,4.833239402401417,0.5592973946370268,-0.12358069065699037,-0.41984179141507016,0.6713004874989714,0.3278651511648344,0.3669169270553987
21,Jun Soon Park 박준순,Jun Soon Park,Bears (KBO),19.0,371,128.38730203026535,0.059299191,0.196765498,0.214705883,4.510493698149008,1.1419501905018585,-1.0544981958117428,-0.06715853796173381,1.2808157328980707,0.17986973192849154,0.3631844086643452
22,Seung Yeup Na 나승엽,Seung Yeup Na,Giants (KBO),24.0,317,103.23806967399042,0.116719242,0.148264984,0.119133574,2.3481672645123517,0.2893483320553104,0.8867503411801441,-0.9099964254753565,-0.1832489832019988,-0.8116675770285641,0.32717499438967645
23,Min Suk Kim 김민석,Min Suk Kim,Bears (KBO),22.0,419,114.74594638313278,0.102625298,0.174224343,0.1,3.713540918705614,0.6794849743986079,0.4102643803709909,-0.4588768496958555,-0.4763547047168957,-0.18557389489993148,0.26141478443333616
24,Myeong Jun Ko 고명준,Myeong Jun Ko,Landers (KBO),23.0,166,116.75180279020574,0.072289156,0.216867469,0.22875817,2.292965826659383,0.7474869267532539,-0.615335392702672,0.28217183764006076,1.4960816168395348,-0.8369802607602426,0.24360475149618177
25,Myeong Jin Oh 오명진,Myeong Jin Oh,Bears (KBO),24.0,139,94.025531140801,0.107913669,0.201438848,0.157024793,4.124095589766286,-0.02297243237740418,0.5890528399427234,0.01405454859672578,0.3972036329205284,0.0026864285141470984,0.2179726674184711
26,Seung-min Go 고승민,Seung-min Go,Giants (KBO),25.0,375,108.06785491213532,0.08,0.197333333,0.185840708,3.224824642959062,0.45308628682086005,-0.3546483265422347,-0.057290748687247185,0.8386323778683851,-0.40967531333483015,0.18261636095398043
27,Jae-hyun Choo 추재현,Jae-hyun Choo,Heroes (KBO),27.0,229,117.3922126621197,0.091703056,0.165938864,0.110552764,1.12042124,0.7691979133641483,0.04100684865665406,-0.6028612127770074,-0.31469773952072133,-1.3746519489951594,0.1310355252862989
28,Han Byul Kim 김한별,Han Byul Kim,Dinos (KBO),25.0,128,94.86078254935542,0.1171875,0.1953125,0.068627451,5.643967311447787,0.005344014546905938,0.9025811379419711,-0.09240861603062865,-0.9569483256685516,0.6996253797443156,0.11968265409488009
29,Jae Hyun Park 박재현,Jae Hyun Park,Tigers (KBO),19.0,462,106.13337375909828,0.054112554,0.192640692,0.174825175,6.973408396807535,0.3875040772788786,-1.229847247455009,-0.1388390726349029,0.669886290606478,1.3092421405113686,0.09451674438757919
30,Jae Seok An 안재석,Jae Seok An,Bears (KBO),24.0,354,96.80820940548185,0.06779661,0.163841807,0.176470588,4.7109964688464245,0.07136510549713658,-0.7672187191363032,-0.6393036944355656,0.6950922434804677,0.27181051136085166,0.09169990586257873
31,Tae Yang Han 한태양,Tae Yang Han,Giants (KBO),22.0,188,83.87784052570885,0.117021276,0.218085106,0.079268292,7.6618632707280705,-0.36699644690003563,0.8969614616931124,0.3033318318792645,-0.7939421158077961,1.6249339261764377,0.07234662602746231
32,Ji-hoon Choi 최지훈,Ji-hoon Choi,Landers (KBO),28.0,490,81.90994464075912,0.069387755,0.15510204,0.158013544,7.817029240467949,-0.43371147282880196,-0.7134255258249291,-0.7911826364946389,0.41235023204798776,1.696085462634713,0.06228616484239188
33,Jun Jae Jeong 정준재,Jun Jae Jeong,Landers (KBO),23.0,506,87.32934907150192,0.092885375,0.144268774,0.066666667,6.791468419595909,-0.2499844220835773,0.08097851341549785,-0.9794422295849957,-0.9869854221908672,1.2258133516893581,0.01734988689731301
34,In Seo Heo 허인서,In Seo Heo,Eagles (KBO),22.0,364,118.9532642874491,0.079670329,0.296703296,0.201863354,1.8166774651808428,0.8221202251879033,-0.3657937946373198,1.669552181208853,1.0840820370072253,-1.0553828446077433,0.01603291465638379
35,Jae Won Oh 오재원,Jae Won Oh,Eagles (KBO),19.0,167,80.73728421457925,0.101796407,0.13772455,0.054421769,6.919020073067375,-0.4734666607615351,0.3822413568269028,-1.0931672084909088,-1.1745640556007213,1.2843023112047889,0.01101284225223606
36,Dong Jin Kwon 권동진,Dong Jin Kwon,Wiz (KBO),27.0,217,97.24489350828122,0.105990783,0.276497695,0.112299465,5.419661665963693,0.08616944116537478,0.5240441962843927,1.3184209321094484,-0.28794016370787046,0.5967697643074164,-0.03881231470653911
37,Young Mook Hwang 황영묵,Young Mook Hwang,Eagles (KBO),26.0,131,69.78278119323298,0.106870229,0.152671755,0.099099099,4.776313475653886,-0.8448429915395915,0.5537763757431562,-0.8334159265471123,-0.4901555365749948,0.301761701038572,-0.057851351755163316
38,Seong Ho Cheon 천성호,Seong Ho Cheon,Twins (KBO),28.0,236,92.92558575253558,0.059322033,0.152542372,0.111627907,6.612302633706847,-0.06026245653954554,-1.0537259568758706,-0.8356643335310087,-0.2982277081117075,1.1436566715349925,-0.10144045062002226
39,Ju Hyoung Lee 이주형,Ju Hyoung Lee,Heroes (KBO),25.0,103,89.31451208738426,0.048543689,0.203883495,0.180851063,7.654515580267914,-0.18268401097427645,-1.41811860642603,0.056537420287456924,0.762196396915313,1.6215646341432914,-0.10321972514451722
40,Jae In Shin 신재인,Jae In Shin,Dinos (KBO),19.0,110,60.791625850965595,0.127272727,0.209090909,0.145833333,1.5442282546778363,-1.1496584883229788,1.2435409911295114,0.14703142649879022,0.2257625337246801,-1.1803147479537568,-0.12894598073977395
41,Seong Bin Hwang 황성빈,Seong Bin Hwang,Giants (KBO),28.0,397,88.67437135343827,0.052896725,0.143576826,0.084931507,9.222505083521588,-0.20438587334915348,-1.2709518133057485,-0.9914668442228792,-0.7071877687804718,2.3405680502529904,-0.13771443742854658
42,Sung-ju Moon 문성주,Sung-ju Moon,Twins (KBO),29.0,234,92.8899084883774,0.089743589,0.119658119,0.058536586,1.8278274845727691,-0.06147197662726162,-0.02523852000444124,-1.407124139729836,-1.111529496260853,-1.05026999020671,-0.14101550030265503
43,Ji Hoon Park 박지훈,Ji Hoon Park,Bears (KBO),25.0,268,82.96587168172678,0.089552238,0.164179104,0.061403509,6.289855227223638,-0.39791374569506055,-0.031707686129039764,-0.6334421752989916,-1.0676113273686925,0.995798037088744,-0.14622718071079344
44,Hyeong Woo Cho 조형우,Hyeong Woo Cho,Landers (KBO),24.0,334,90.20077815009408,0.074850299,0.16766467,0.138513514,1.7313988025,-0.1526380802897972,-0.5287486513955802,-0.5728703000353748,0.11363079977087447,-1.094487474875713,-0.1787706294639244
45,Hyung-jun Kim 김형준,Hyung-jun Kim,Dinos (KBO),26.0,317,97.4278048951146,0.091482649,0.309148264,0.18115942,2.15476189625,0.09237044905841554,0.0335553616091629,1.885819797244729,0.7669200936469933,-0.9003538342936982,-0.18342435916686511
46,Ju Hong Park 박주홍,Ju Hong Park,Heroes (KBO),25.0,176,76.42222031731,0.113636363,0.284090909,0.099337748,5.368174701986778,-0.6197546844279677,0.7825248268476506,1.4503751717531537,-0.4864996912356028,0.5731603569053251,-0.2478353769360388
47,In Ho Choi 최인호,In Ho Choi,Eagles (KBO),26.0,103,83.80584582043254,0.077669902,0.13592233,0.10989011,1.1845238025,-0.36943719016596593,-0.43342393288134656,-1.1244860373518728,-0.32484888424594266,-1.3452576441715325,-0.2500097759336873
48,Dong Hee Yoon 윤동희,Dong Hee Yoon,Giants (KBO),22.0,284,84.4602074898075,0.109154929,0.257042253,0.112449799,1.2464924658790375,-0.3472532138321484,0.6310171732559512,0.9803258835513282,-0.2856372089364189,-1.3168418412794696,-0.2822821792835867
49,Hyun In Ryu 류현인,Hyun In Ryu,Wiz (KBO),25.0,168,97.90432713360865,0.071428571,0.208333333,0.1,2.8548300487925977,0.10852536545409464,-0.6444299222809748,0.1338663339500596,-0.4763547047168957,-0.5793367661671268,-0.30183443858661607
50,Won-seok Lee 이원석,Won-seok Lee,Eagles (KBO),27.0,211,83.48793185390922,0.071090047,0.180094786,0.074468085,6.020577839347638,-0.3802150157013154,-0.6558746912822533,-0.356860780816892,-0.8674761108761434,0.8723205767089486,-0.310767224912758
51,Seoung Bin Son 손성빈,Seoung Bin Son,Giants (KBO),24.0,306,86.12016162935954,0.071895424,0.176470588,0.121771217,1.40739202125,-0.2909779381390918,-0.6286466255500075,-0.41984179141507016,-0.1428431366720345,-1.2430611624406156,-0.33435351269543734
52,Jin-young Lee 이진영,Jin-young Lee,Eagles (KBO),28.0,102,85.50649068018352,0.107843137,0.303921568,0.091954023,4.138673714398381,-0.31178242967704484,0.5866683045857084,1.7949907100454485,-0.599610396198125,0.00937124457267242,-0.33510121404586135
53,Ho-cheol Seo 서호철,Ho-cheol Seo,Dinos (KBO),29.0,155,62.474821806160584,0.109677419,0.206451612,0.075757575,4.443374419159916,-1.0925952754503643,0.6486814374011171,0.10116594334120907,-0.8477225145623423,0.14909210823915123,-0.33541840687456476
54,Ui San Jeon 전의산,Ui San Jeon,Landers (KBO),25.0,248,95.5801131580732,0.084677419,0.31048387,0.15625,2.000919300567019,0.02973054870198304,-0.1965148412437271,1.909029846927718,0.3853346396373242,-0.9708985360341864,-0.34658694841544835
55,Chan Hyeok Park 박찬혁,Chan Hyeok Park,Heroes (KBO),23.0,284,84.9865597905197,0.095070422,0.25,0.12295082,1.08035714,-0.32940897336280184,0.15485025713806094,0.8579461982173445,-0.12477289070459853,-1.3930233887934396,-0.35305897447719065
56,Sang-hyeon Ahn 안상현,Sang-hyeon Ahn,Landers (KBO),29.0,209,77.50073283507568,0.095693779,0.263157894,0.095505618,4.271967801644742,-0.5831912711206249,0.17592461780474966,1.08660298282561,-0.5452037905632497,0.07049340379534959,-0.39595809204195653
57,Do-hwan Kim 김도환,Do-hwan Kim,Lions (KBO),26.0,110,85.71931717870724,0.1,0.272727272,0.10989011,1.130760365,-0.30456724848990513,0.3215086963736408,1.2528988356559398,-0.32484888424594266,-1.3699109311636244,-0.4008886957675033
58,Min-jae Jeon 전민재,Min-jae Jeon,Giants (KBO),27.0,409,85.59550538141967,0.061124694,0.200488997,0.112903226,3.9338390736994766,-0.3087646795275429,-0.9927818621215428,-0.0024518828669222756,-0.2786911962369968,-0.0845559189029164,-0.40465091809630127
59,Bon-hyeok Gu 구본혁,Bon-hyeok Gu,Twins (KBO),29.0,296,80.293960119008,0.070945945,0.121621621,0.026923077,3.5851113490692166,-0.488496103506489,-0.6607464702480648,-1.3730025657232434,-1.5958143645798972,-0.24446542389706719,-0.44939447906116253
60,Jeong-won Choi 최정원,Jeong-won Choi,Dinos (KBO),26.0,199,89.33618124581795,0.055276381,0.175879396,0.028901734,6.750562697169088,-0.18194938955562578,-1.1905007574795534,-0.43011547668766276,-1.5655034729704413,1.2070559849453275,-0.4800877808329823
61,Gun Hee Kim 김건희,Gun Hee Kim,Heroes (KBO),21.0,392,90.65076804038762,0.071428571,0.25510204,0.129577465,0.7999084212500001,-0.13738265573801353,-0.6444299222809748,0.9466090238445117,-0.023259834965608826,-1.5216234759792375,-0.50112794545937
62,Do-yun Lee 이도윤,Do-yun Lee,Eagles (KBO),29.0,350,75.66120743088668,0.048571428,0.142857142,0.084639499,4.737101775612161,-0.6455543188690728,-1.4171808104430967,-1.0039734527556745,-0.7116610164616485,0.28378113023566415,-0.5113195706269081
63,Kyu-sung Kim 김규성,Kyu-sung Kim,Tigers (KBO),29.0,197,56.23821167749672,0.086294416,0.208121827,0.063953488,6.691253214879821,-1.3040269927599648,-0.14184764736453218,0.13019080032094266,-1.0285483987886563,1.1798595526444784,-0.5339223542105472
64,Min Park 박민,Min Park,Tigers (KBO),25.0,183,48.73645948273669,0.076502732,0.169398907,0.0875,4.995785425539952,-1.5583491832844807,-0.47288344250318254,-0.5427328740788588,-0.6678412256845004,0.40240081971946334,-0.5976438476642647
65,Si Won Park 박시원,Si Won Park,Dinos (KBO),25.0,115,56.55925961312198,0.078260869,0.226086956,0.108910891,4.368326020889629,-1.293142920328377,-0.41344460851327036,0.44238731385211294,-0.33984946341197286,0.11467857765241771,-0.6141641602218005
66,Dae-han Kim 김대한,Dae-han Kim,Bears (KBO),25.0,110,70.31493878186866,0.054545454,0.218181818,0.111111111,4.261224074506025,-0.8268019419111319,-1.215211828693995,0.30501248494981165,-0.3061444655589054,0.06556685518105172,-0.6522676200829859
67,Woo-hyun Yang 양우현,Woo-hyun Yang,Lions (KBO),26.0,111,35.2795540301705,0.108108108,0.243243243,0.076086956,4.793226227564196,-2.0145612232887444,0.5956264047116601,0.7405278385619627,-0.8426767528213157,0.3095170631593611,-0.7041245858413298
68,Jun Ho Yun 윤준호,Jun Ho Yun,Bears (KBO),25.0,180,60.76030822320017,0.061111111,0.244444444,0.108974359,3.109988700658534,-1.1507202093034317,-0.993241074163656,0.7614022093638734,-0.33887720209095096,-0.46233346865725006,-0.8217454500204397
69,Doo-sung Chang 장두성,Doo-sung Chang,Giants (KBO),26.0,188,66.36058075492778,0.042553191,0.202127659,0.034482759,7.665578688790013,-0.960861421539408,-1.6206444710992054,0.026024648710224207,-1.4800081881157834,1.6266376354635654,-0.8306611156199575
70,Yu-chan Lee 이유찬,Yu-chan Lee,Bears (KBO),27.0,124,45.84543464033646,0.064516129,0.274193548,0.064220183,7.035646661694545,-1.6563598548837897,-0.8781247324709075,1.278379657701494,-1.0244629189719,1.3377815694894597,-0.979310515083522
71,Ju Heon Lee 이주헌,Ju Heon Lee,Twins (KBO),23.0,116,59.40246795811923,0.025862068,0.318965517,0.166666667,1.79058440875,-1.1967533095222025,-2.18493547293934,2.0564232011531236,0.5449067455499683,-1.0673478460771975,-1.2114767767621903
72,Young Woong Kim 김영웅,Young Woong Kim,Lions (KBO),22.0,147,26.8887308767359,0.047619047,0.299319727,0.09352518,0.97619047125,-2.2990244352535294,-1.449378765525179,1.7150203009253808,-0.575541965172213,-1.4407891362812917,-1.5684923737587322
73,Gang Min Lee 이강민,Gang Min Lee,Wiz (KBO),19.0,163,9.904931149403716,0.049079754,0.257668711,0.006622517,1.77480158375,-2.874804204825479,-1.39999540070156,0.9912124184308556,-1.9067970532274263,-1.0745850788949645,-1.8499398929226436
