Name,NameASCII,Season,Team,Age,PA,wRC+,BB%,K%,ISO,Spd,AVG,OBP,SLG,OPS,wOBA,BABIP,G,AB,H,2B,3B,HR,R,RBI,BB,SO,SB,CS,HBP,z_wRC+,z_BB%,z_K%,z_ISO,z_Spd,composite_score,age_multiplier,adjusted_composite,player_type,seasons_used
Hyun Min Ahn 안현민,Hyun Min Ahn,2026,Wiz (KBO),22,769,172.83623685362537,0.16384915411443435,0.1716514950546164,0.231846548816645,4.813696301823684,0.3195300113849155,0.4525357604564369,0.5513765602015605,1.0039123206579972,0.4517362465026423,0.3588188608088427,177,612,196,30,5,34,115,127,126,132,10,1,26,3.474863077708823,3.3303320152369857,-0.6116117676696912,2.0479061553251556,0.3181821014194584,2.4081831334793242,1.15,2.7694106035012225,KBO_only,2025-2026
Do Yeong Kim 김도영,Do Yeong Kim,2026,Tigers (KBO),22,1645,156.2954670289096,0.11306990858176293,0.17082066850455926,0.2726440391294833,7.148787799323753,0.319888246556231,0.3994902037209726,0.5925322856857143,0.992022489406687,0.43209101506310277,0.34002565068085105,372,1425,456,82,16,91,334,281,186,281,77,9,14,3.2127319678205986,1.310617961679021,-0.7541743144485596,3.3398476475204495,1.999993635885305,2.272569121025839,1.15,2.6134544891797145,KBO_only,2023-2026
Yonathan Perlaza 페라자,Yonathan Perlaza,2026,Eagles (KBO),27,1011,128.40287283713653,0.14243323395548962,0.22057368859940651,0.2134516125816024,3.5774591072724355,0.28160293034124634,0.385575912768546,0.4950545429228487,0.8806304556913946,0.3922185508361492,0.3305356835519288,236,853,240,48,1,44,156,135,144,223,17,10,5,1.5581159181320434,2.568706751306628,0.36590215036020896,1.817495595144576,-0.4371150970391917,1.3745137500372346,1.0,1.3745137500372346,KBO_only,2024-2026
Lewin Díaz 디아즈,Lewin Diaz,2026,Lions (KBO),29,1271,146.76617567187884,0.0983477573202203,0.16758457835326515,0.2672202147175452,1.9512120599138787,0.304856076263572,0.37450826089771827,0.5720762909811172,0.9465845518788356,0.4132896276792196,0.311048327689221,291,1119,341,65,0,78,182,279,125,213,3,0,10,2.5807856702929732,0.5261224375155397,-0.7888352091906878,3.075526201956004,-1.534711036788431,1.4857257285577377,0.9,1.337153155701964,KBO_only,2024-2026
Si-hwan Roh 노시환,Si-hwan Roh,2026,Eagles (KBO),25,2316,128.4153113656991,0.10794473174568221,0.21718480069214163,0.2215779295284974,3.9414271171453326,0.27608209637996545,0.3641440305686529,0.4976600259084628,0.8618040564771157,0.3855877801892079,0.31461307277547496,521,2014,556,98,6,112,354,374,250,503,25,9,37,1.8016318372891962,1.0982995870874208,0.3248672063817396,2.2849984093272635,-0.23147178625158996,1.200186870241647,1.0,1.200186870241647,KBO_only,2023-2026
Seung-kyu Park 박승규,Seung-kyu Park,2026,Lions (KBO),25,505,130.0089370948867,0.13663366325742574,0.17227722767326734,0.16831045861386137,6.18807539999571,0.285329236039604,0.3928255133465346,0.4536396946534654,0.846465208,0.3883450233751974,0.3266336633663366,146,424,121,16,5,15,95,51,69,87,12,5,8,1.3160489620091895,1.8576260901078057,-0.5110502701518662,0.7119381343050685,0.9786076335088904,1.1761271418643908,1.0,1.1761271418643908,KBO_only,2025-2026
Bo-gyeong Moon 문보경,Bo-gyeong Moon,2026,Twins (KBO),25,2110,121.82762081028301,0.12180094734739337,0.1763033169023697,0.17151416352890997,3.466750575201142,0.28542818038672985,0.37181019297819906,0.45694234391563987,0.8287525368938389,0.37551531938441374,0.3211332220592417,507,1799,514,96,9,65,287,334,257,372,19,15,9,1.4150259422237694,1.8241062743005316,-0.6530984824998756,1.0834528223464093,-0.5699532402355166,1.138194364062975,1.0,1.138194364062975,KBO_only,2023-2026
Seong-yoon Kim 김성윤,Seong-yoon Kim,2026,Lions (KBO),27,1295,123.80509323582551,0.10038609992355212,0.11196911169266408,0.10893577327722008,7.165314909380714,0.3143892082679537,0.38826936806100387,0.42332498154517373,0.8115943496061775,0.3765207907091901,0.3495709945019305,359,1113,350,54,17,11,209,139,130,145,66,17,12,1.4080625047295723,0.6289480037118454,-2.0224653384492477,-0.3609290281467843,1.9292546902366399,1.0037652165085273,1.0,1.0037652165085273,KBO_only,2023-2026
Seung Yeup Na 나승엽,Seung Yeup Na,2026,Giants (KBO),24,1198,112.9144387242957,0.13439065050417362,0.16277128510767946,0.13860595629632724,2.7250656996207727,0.27574332482721203,0.37634598160350585,0.41434928112353925,0.7906952627270452,0.3646909286631406,0.3186308129449082,303,1012,279,62,6,22,137,153,161,195,2,0,9,0.8333986401278248,2.274344344078369,-0.8836152658438065,0.28046793696105626,-1.0103773700841994,0.9062038183183021,1.05,0.9515140092342173,KBO_only,2024-2026
Ji-chan Kim 김지찬,Ji-chan Kim,2026,Lions (KBO),25,1719,113.45104048428682,0.11867364687143689,0.09016870218324607,0.05060165533507854,7.081339686108992,0.30767929536998256,0.40199467118673654,0.35828095070506105,0.7602756218917976,0.36398910256588857,0.34060398663176267,439,1440,443,39,11,4,309,114,204,155,97,11,28,0.9215385824389655,1.6102289722957945,-2.6310799377252674,-1.7090481920342557,1.9665850209512081,0.9285296721526979,1.0,0.9285296721526979,KBO_only,2023-2026
Baek-ho Kang 강백호,Baek-ho Kang,2026,Eagles (KBO),26,1709,120.03398911342397,0.10473961325980104,0.19894675184025748,0.20483213416968987,2.7439503452152483,0.27879737788531306,0.3563487416401404,0.48362951205500293,0.8399782536951435,0.37479711509326213,0.3122183106038619,414,1513,422,75,2,77,226,293,179,340,11,8,8,1.2757784930621658,0.8871236331885257,-0.10707900486784451,1.8119815197378908,-1.0588652316624219,0.8770860877272937,1.0,0.8770860877272937,KBO_only,2023-2026
Seong-han Park 박성한,Seong-han Park,2026,Landers (KBO),28,2161,115.37140060764125,0.12771864809856545,0.14252660767098566,0.10317554530633967,3.555587401218121,0.2939355420370199,0.38516191427348456,0.3971110873433596,0.7822730016168441,0.3659951639117598,0.3372830203540028,513,1851,544,93,4,30,287,222,276,308,28,12,8,1.0599332269926214,2.1460111944638407,-1.4635288710183052,-0.5230296832133541,-0.5075804172970938,0.9186481189941123,0.9,0.826783307094701,KBO_only,2023-2026
Jae Hyeon Lee 이재현,Jae Hyeon Lee,2026,Lions (KBO),23,1798,107.47701346222955,0.11345939893214683,0.18298108966017798,0.16684873511957735,3.8192687709814868,0.2499439274365962,0.34808679696551725,0.4167926625561735,0.7648794595216907,0.35261758568905505,0.2803934021546162,458,1508,377,72,4,57,254,228,204,329,14,5,34,0.6034710338253366,1.3491170095265952,-0.48141626944285626,0.9525045747479143,-0.311219992389074,0.7499119186563536,1.05,0.7874075145891714,KBO_only,2023-2026
Luis Liberato 리베라토,Luis Liberato,2025,Eagles (KBO),29,546,139.8809512799132,0.084249084,0.172161172,0.211382113,4.280212638463427,0.31300813,0.366300366,0.524390243,0.890690609,0.3972478773131038,0.347150259,124,492,154,36,4,20,82,78,46,94,2,0,0,1.7603330270889643,-0.14562252916466892,-0.5304184092107592,1.4792113271025291,-0.0010593545138844593,0.8669933671862533,0.9,0.780294030467628,KBO_only,2025 only
Jason Martin 마틴,Jason Martin,2023,Dinos (KBO),27,503,125.07659314863308,0.113320079,0.212723658,0.172413793,4.7771954258315565,0.28275862,0.359840954,0.455172413,0.815013367,0.3747577876625899,0.330218068,118,435,123,20,2,17,55,90,57,107,15,3,1,1.1180557124577906,0.9656879635271058,0.18025760020133275,0.779782224617784,0.25284206680969185,0.7310407161934398,1.0,0.7310407161934398,KBO_only,2023 only
Ronnie Dawson 도슨,Ronnie Dawson,2024,Heroes (KBO),29,690,137.21416304973025,0.08260869499565218,0.1376811586478261,0.15527451915652174,4.637626074768578,0.33226440956521736,0.3985507239043478,0.4875389287217391,0.8860896526260869,0.4027508046316064,0.3714605851695652,152,611,203,45,4,14,106,86,57,95,11,4,15,1.7897263228795561,-0.22238532637550024,-1.2349433663920801,0.5513367080535013,0.20639033331983983,0.797469445171488,0.9,0.7177225006543392,KBO_only,2023-2024
Ju Won Kim 김주원,Ju Won Kim,2026,Dinos (KBO),23,2077,112.50263512502461,0.09677419327058258,0.1896966772094367,0.14156754661916227,6.3064842265908405,0.2698851787968223,0.3653643107024555,0.4114527254159846,0.77681703611844,0.3609792783112205,0.3191175200351468,517,1768,478,74,12,51,293,223,201,394,104,26,72,0.8953709356431403,0.4890083606491065,-0.33271439122526403,0.37927991495688423,1.4645394829938079,0.663080460829766,1.05,0.6962344838712543,KBO_only,2023-2026
Sung-ju Moon 문성주,Sung-ju Moon,2026,Twins (KBO),29,1667,112.31227176824365,0.11397720406718656,0.09478104302279544,0.06995582330173965,4.146726284072672,0.30259607162927415,0.3868391109196161,0.37255189493101376,0.7593910058506299,0.35956874744239253,0.33252585231613674,435,1431,433,66,8,6,198,196,190,158,43,25,18,0.8557078041181084,1.3602193069108948,-2.512002058041534,-1.261322211106995,-0.0808098884516349,0.7132220456028238,0.9,0.6418998410425414,KBO_only,2023-2026
Jeong Bin Moon 문정빈,Jeong Bin Moon,2026,Twins (KBO),22,234,133.30222786148852,0.094017094,0.303418803,0.29807692299999994,2.9291474587499997,0.269230769,0.346153846,0.567307692,0.9134615380000001,0.3974147403189041,0.327868852,66,208,56,10,2,16,30,48,22,71,0,0,3,0.9860082362770974,0.1437203284731043,1.2364003795594798,2.011612938066622,-0.49951994615970097,0.4986430890648377,1.15,0.5734395524245632,KBO_only,2026 only
Whee Jip Kim 김휘집,Whee Jip Kim,2026,Dinos (KBO),24,1721,108.06212261388438,0.09750970784485763,0.1937747460819291,0.1587068528006973,3.6006593810230245,0.2583293443573504,0.35105797894538054,0.4170361971580477,0.7680941761034283,0.3544630695537261,0.29753359579256244,400,1299,333,66,3,45,196,196,148,296,18,7,49,0.6307080922125189,0.5132722768698679,-0.22730497180636855,0.7602213457260127,-0.46206837942247914,0.45746367385513254,1.05,0.4803368575478892,KBO_only,2023-2026
Hyun Bin Moon 문현빈,Hyun Bin Moon,2026,Eagles (KBO),22,1877,111.14576911611579,0.07991475713052744,0.15130527391422482,0.132919710433138,4.6338722332793125,0.2937291122179009,0.35634856983484275,0.42664882265103893,0.7829973924858816,0.3581499596154549,0.3318098656014918,496,1665,489,96,10,35,219,243,150,284,36,14,24,0.808211922846149,-0.4032206498202892,-1.229120393453843,0.17373802990328363,0.26272634846583276,0.3870467142440888,1.15,0.4451037213807021,KBO_only,2023-2026
Dong Hee Yoon 윤동희,Dong Hee Yoon,2026,Giants (KBO),22,1719,107.46871698807576,0.10180337343862711,0.18673647439965096,0.127254579556719,3.385180395997311,0.28037036039557883,0.36101049293019194,0.4076249399522978,0.7686354328824898,0.35435199687460195,0.3349218223123909,420,1498,420,87,6,30,221,203,175,321,14,17,23,0.5985463611067886,0.7357406280862855,-0.39054947389566774,0.0417111061678716,-0.6123424348550669,0.3691894641860258,1.15,0.4245678838139296,KBO_only,2023-2026
Anthony Alford 알포드,Anthony Alford,2023,Wiz (KBO),28,547,126.13219649105254,0.085923217,0.255941499,0.16700611,6.1576886647616025,0.289205702,0.356489945,0.456211812,0.812701757,0.3763768985157921,0.374631268,133,491,142,31,3,15,83,70,47,140,17,3,6,1.1984745057528736,-0.07985631630390912,0.9436116382572066,0.7114003677064901,0.9926032300911238,0.4395769234617142,0.9,0.39561923111554276,KBO_only,2023 only
Won-jun Choi 최원준,Won-jun Choi,2026,Wiz (KBO),29,1760,102.15906546863164,0.09346011072159092,0.14477504576818181,0.10792838600340908,5.843389856205058,0.28331640651477275,0.3556709974301136,0.3912447925181818,0.7469157899482954,0.34674177030879694,0.3221430933392046,390,1363,395,69,8,22,235,159,152,219,66,23,16,0.31324136166668576,0.3045070102381531,-1.3691769148310904,-0.4009608982436295,1.1068062358902055,0.40596414222450217,0.9,0.365367728002052,KBO_only,2023-2026
Seung-min Go 고승민,Seung-min Go,2026,Giants (KBO),25,1753,101.36481223916509,0.09640616064917285,0.17056474554420994,0.1316088736383343,4.466175983815113,0.2757058163536794,0.3461375996948089,0.4073146899920137,0.7534522896868225,0.34476156357660537,0.3182496581334855,420,1544,427,79,12,34,243,218,169,299,18,9,6,0.27000496750619923,0.45745040461721864,-0.7682357084736348,0.14167825962845557,0.1424352332517229,0.35317862292807306,1.0,0.35317862292807306,KBO_only,2023-2026
Jae Seok An 안재석,Jae Seok An,2026,Bears (KBO),24,501,111.0095165560534,0.06986027903592815,0.16966067788622755,0.18989472013173653,4.8624410609112365,0.2794014303832335,0.3347105310718563,0.46929615051497003,0.8040066815868264,0.3597315995025906,0.31623232080239516,123,458,128,39,3,14,66,73,35,85,6,1,4,0.5583228817641072,-0.6907851839421871,-0.5538626459160805,1.0718766450973618,0.29609678345895535,0.3218649727964653,1.05,0.33795822143628856,KBO_only,2025-2026
David MacKinnon 맥키넌,David MacKinnon,2024,Lions (KBO),29,315,102.65776399081643,0.12380952300000002,0.104761904,0.091911764,1.7869826426788353,0.294117647,0.38095238,0.386029411,0.766981791,0.3542794518363781,0.319327731,72,272,80,13,0,4,28,36,39,33,1,0,1,0.17105052006521212,1.106497195487563,-1.3429544335130439,-0.475234921202626,-1.0561172032437929,0.32872391535350654,0.9,0.2958515238181559,KBO_only,2024 only
Chan-ui Song 송찬의,Chan-ui Song,2026,Twins (KBO),27,500,119.22962101160351,0.07199999960799999,0.25199999959999997,0.20530705480800002,4.336486679646774,0.266753330592,0.351344580388,0.47206038539999995,0.823404965788,0.3726162334757817,0.33611691505200003,161,439,117,35,2,17,74,78,36,126,3,2,22,0.883635082794914,-0.6088904232657923,0.8490020606932205,1.3294550940549479,0.02645617155963265,0.25405424588499587,1.0,0.25405424588499587,KBO_only,2025-2026
Estevan Florial 플로리얼,Estevan Florial,2025,Eagles (KBO),27,285,110.3395416983397,0.084210526,0.228070175,0.178294574,6.400545750297296,0.271317829,0.333333333,0.449612403,0.782945736,0.3520682540462211,0.331550802,65,258,70,18,2,8,36,29,24,65,13,3,1,0.3959993995457874,-0.12481724051601406,0.3641134160242997,0.6751217861260926,0.8353260836782245,0.25153546292412876,1.0,0.25153546292412876,KBO_only,2025 only
Jun-su Han 한준수,Jun-su Han,2026,Tigers (KBO),27,1016,102.91969641376386,0.09842519649999999,0.17027559012598426,0.14462202393897636,1.636194715950999,0.2696183870492126,0.34830942861417324,0.414240410988189,0.7625498396023622,0.3483263475414869,0.30736000825590554,362,886,239,57,1,23,115,111,100,173,0,1,13,0.312369228069847,0.503134354754166,-0.6919894158768141,0.3940734020176408,-1.6657665729629436,0.23553079259825152,1.0,0.23553079259825152,KBO_only,2023-2026
Tae Yang Han 한태양,Tae Yang Han,2026,Giants (KBO),22,455,99.11290796135468,0.11868131827912087,0.2417582414285714,0.09398529327032967,6.1844863742355685,0.26403248896923076,0.3570209198813186,0.3580177822395605,0.7150387021208792,0.3386588017290569,0.3606006730593407,171,394,104,22,3,3,75,29,54,110,12,2,3,0.08031041954212122,1.1236521306824154,0.6536902368171319,-0.5191192499629208,0.9366654187957875,0.19679531489766502,1.15,0.22631461213231477,KBO_only,2025-2026
Ju Hyoung Lee 이주형,Ju Hyoung Lee,2026,Heroes (KBO),25,1381,105.57884087731544,0.07965242527226649,0.2194062267762491,0.1440788281129616,5.65717879287729,0.2653690472997828,0.34982245952353364,0.40944787541274436,0.7592703349362779,0.350870942568536,0.3288353654945691,317,1213,322,61,9,32,179,151,110,303,28,2,49,0.4762011305622716,-0.3999709585334719,0.35773427739604513,0.409734844770466,0.9372735850301903,0.16488178538301895,1.0,0.16488178538301895,KBO_only,2023-2026
In Ho Choi 최인호,In Ho Choi,2026,Eagles (KBO),26,654,102.39860230813231,0.08562691082568806,0.14678899051529054,0.11377197447247706,4.260156355085956,0.2784710171681958,0.3529938763761467,0.3922429916406727,0.7452368680168197,0.34657716470187816,0.31925085258409786,253,571,159,31,5,8,77,60,56,96,5,0,13,0.24550292939350124,-0.09368545467490937,-1.0430455458373746,-0.22155675236846373,-0.009752978332837356,0.16139969871795273,1.0,0.16139969871795273,KBO_only,2023-2026
Ji-hoon Choi 최지훈,Ji-hoon Choi,2026,Landers (KBO),28,2110,91.15793422304986,0.07393364878767772,0.13459715589668247,0.11829284776398105,7.383319441515445,0.26933524373459716,0.3268052751933649,0.3876280914985782,0.7144333666919431,0.3283719013347456,0.29987985168815173,501,1905,513,77,26,32,285,175,156,284,99,15,14,-0.28774943805233905,-0.7274002130850417,-1.6481480407081759,-0.16654476964433,2.2401357194473692,0.1697519394351351,0.9,0.1527767454916216,KBO_only,2023-2026
Jae Hyun Park 박재현,Jae Hyun Park,2026,Tigers (KBO),19,462,106.13337375909828,0.054112554,0.192640692,0.174825175,6.973408396807535,0.291375291,0.329670329,0.466200466,0.795870795,0.355243715683269,0.3374233119999999,111,429,125,20,5,15,66,62,25,89,19,3,0,0.3512152560895917,-1.2526291084561896,-0.15442694192914583,0.79279381261371,1.3345812649325794,0.10738823001820193,1.25,0.1342352875227524,KBO_only,2026 only
Tae-yean Kim 김태연,Tae-yean Kim,2026,Eagles (KBO),29,1449,101.62246146609772,0.086956521226363,0.18840579685300207,0.1287226331373361,3.6863279474728583,0.273792033915804,0.3469648642180814,0.4025146670531401,0.7494795312712215,0.34575157059134987,0.3246479035031056,440,1264,346,65,2,31,177,143,126,273,18,7,21,0.2730632998981769,-0.034460307458635035,-0.3398940152019339,0.07221978138778191,-0.39252920491866955,0.09947905117077382,0.9,0.08953114605369644,KBO_only,2023-2026
In Seo Heo 허인서,In Seo Heo,2026,Eagles (KBO),22,364,118.9532642874491,0.079670329,0.296703296,0.20186335399999997,1.8166774651808428,0.282608695,0.354570637,0.484472049,0.839042686,0.3751425276559707,0.371859296,104,322,91,14,0,17,51,61,29,108,0,1,8,0.7553305904419402,-0.2849555950858682,1.4236325698286731,1.1108963745041707,-1.1140194162658712,0.052592726161061004,1.15,0.06048163508522015,KBO_only,2026 only
Jin-young Lee 이진영,Jin-young Lee,2026,Eagles (KBO),28,993,100.90037775129552,0.11077542762336355,0.2799597175589124,0.13402994928398795,3.2657705830047243,0.2526795196364552,0.3397562836918429,0.3867094689204431,0.726465752612286,0.33984025496045367,0.3406028805015106,329,859,217,43,0,24,137,118,110,278,8,5,9,0.21195479347646218,1.0776521234909966,1.607602453762318,0.17359198594501368,-0.6316492368186838,0.06341257435847442,0.9,0.05707131692262698,KBO_only,2023-2026
Jun Jae Jeong 정준재,Jun Jae Jeong,2026,Landers (KBO),23,1188,88.29081771216758,0.098484847996633,0.1809764302373737,0.06417271767003367,7.346299335892182,0.27077080717508417,0.35024867814646465,0.3349435248451178,0.6851922029915825,0.32509632806592836,0.3390413915942761,338,1021,277,30,15,2,162,86,117,215,71,20,11,-0.41480233514739184,0.5251208088400998,-0.4858919406635817,-1.3142506975613968,2.014823647691034,0.018355518022168726,1.05,0.019273293923277163,KBO_only,2024-2026
Eun-won Jung 정은원,Eun-won Jung,2023,Eagles (KBO),23,459,76.44425982629129,0.135076252,0.15904139399999997,0.046391753,3.2446050314549133,0.221649484,0.332599118,0.268041237,0.600640355,0.30016429640073117,0.267515923,122,388,86,12,0,2,50,30,62,73,6,3,3,-0.7884437045705122,1.731384394003353,-0.7075048021927076,-1.2929010546495174,-0.5168990171167648,-0.007831405182989207,1.05,-0.008222975442138668,KBO_only,2023 only
Zach Reks 렉스,Zach Reks,2023,Giants (KBO),29,234,92.12538660759442,0.119658119,0.23076923,0.098522168,2.909450680422023,0.246305418,0.337606837,0.34482758599999996,0.682434423,0.3242164015256125,0.31292517,55,203,50,4,2,4,20,30,28,54,0,1,1,-0.15821362235571715,0.8277931378229076,0.3688658901735634,-0.3342078872500365,-0.5065931909170717,-0.013346582318737213,0.9,-0.012011924086863492,KBO_only,2023 only
Keston Hiura 히우라,Keston Hiura,2026,Heroes (KBO),29,227,100.87365792520195,0.101321585,0.299559471,0.15656565699999997,3.6505693824965135,0.252525252,0.343612334,0.409090909,0.752703243,0.3470796758908007,0.341463414,52,198,50,5,1,8,25,29,23,68,1,0,5,0.0820373815954005,0.33187458621301313,1.1715907375724017,0.3415525064814353,-0.23708051363761942,-0.023556299671461695,0.9,-0.021200669704315524,KBO_only,2026 only
Addison Russell 러셀,Addison Russell,2023,Heroes (KBO),29,235,106.75863029978603,0.072340425,0.16595744599999998,0.11574074,2.8147498354931364,0.287037037,0.340425531,0.402777777,0.743203308,0.3466612373152349,0.333333333,58,216,62,11,1,4,20,41,17,39,1,0,1,0.24920724023333052,-0.43549508687439525,-0.406263029471641,-0.1320262181516433,-0.5417946709173099,-0.05375685594991317,0.9,-0.04838117035492185,KBO_only,2023 only
Jun Soon Park 박준순,Jun Soon Park,2026,Bears (KBO),19,669,108.71230311070738,0.047832585304932736,0.1928251117070254,0.16171569137668163,5.158515480697028,0.29599605322272055,0.33574718194618836,0.45771174459940206,0.7934589265455905,0.3551895274417756,0.34335015762630794,178,622,184,26,7,20,82,76,32,129,12,4,8,0.5242498385010762,-1.682577052620002,-0.18497259688320716,0.6650897063334348,0.49875700575608084,-0.05272978022990148,1.25,-0.06591222528737685,KBO_only,2025-2026
Jeong-won Choi 최정원,Jeong-won Choi,2026,Dinos (KBO),26,509,99.16273924282004,0.09037328040078585,0.17878192447740668,0.037509025296660115,6.443314867552027,0.2850066122848723,0.38297750432416505,0.3225156375815324,0.7054931419056976,0.3427480884742998,0.35785642473084484,249,424,121,13,0,1,108,34,46,91,61,16,23,0.08945236475032058,0.09121812899448217,-0.4012922105093519,-1.4935615801344821,1.1132097638160021,-0.07755726639517674,1.0,-0.07755726639517674,KBO_only,2024-2026
Seong Bin Hwang 황성빈,Seong Bin Hwang,2026,Giants (KBO),28,1267,87.68604524808744,0.06471980995974742,0.14680347236464086,0.08533246601026047,8.972494386381507,0.28123295562036305,0.3342068897127072,0.36656542163062356,0.7007723113433307,0.3248802190953936,0.3302868742762431,374,1148,323,35,24,5,218,83,82,186,125,26,12,-0.4500448339717037,-1.1296183349778808,-1.2461891085576486,-0.8715508872351886,3.1185441177170947,-0.09294543332766225,0.9,-0.08365088999489603,KBO_only,2023-2026
Young Woong Kim 김영웅,Young Woong Kim,2026,Lions (KBO),22,1258,92.01431315664938,0.08585055582432433,0.2941176468036566,0.19760216994356122,4.282950724589348,0.23791333175357707,0.3045078420858506,0.43551550169713826,0.7400233437829887,0.33057813814507847,0.30009330630763115,344,1132,269,48,5,55,152,177,108,370,16,4,5,-0.22792124792627202,-0.0893776664390524,1.9970707906436902,1.5614246873904816,0.011142783339992211,-0.07688219377210269,1.15,-0.08841452283791809,KBO_only,2023-2026
Ruben Cardenas 카데나스,Ruben Cardenas,2025,Heroes (KBO),27,361,92.46635745025992,0.088642659,0.185595567,0.11875,2.310069526196626,0.253125,0.329639889,0.37187500000000007,0.701514889,0.324733616249807,0.297188755,86,320,81,15,1,7,33,42,32,67,1,2,6,-0.16511973268231467,0.014234906907444635,-0.23494784002345598,-0.11108143484665416,-0.8891868157672768,-0.12186998562037336,1.0,-0.12186998562037336,KBO_only,2025 only
Dong-hui Han 한동희,Dong-hui Han,2026,Giants (KBO),27,691,91.91879022665644,0.07525325522141824,0.16353111408248913,0.14691679378147612,1.9480259274341774,0.2578533560984081,0.31774009299131695,0.4047701498798842,0.7225102428712011,0.328720744296517,0.27968794139652675,189,621,160,25,0,22,73,87,52,113,2,2,7,-0.21226742420617517,-0.534710397713616,-0.7443420661803525,0.39526180053030774,-1.3303841864684607,-0.13969257530398818,1.0,-0.13969257530398818,KBO_only,2023-2026
Bon-hyeok Gu 구본혁,Bon-hyeok Gu,2026,Twins (KBO),29,1082,86.71619141177922,0.08780036903419593,0.12107208829574863,0.057421483502772645,4.434539719723249,0.27601205614140484,0.3482853426414048,0.33343353964417743,0.6817188822855822,0.32304561496354645,0.3159969868530499,374,942,260,37,4,3,121,100,95,131,21,9,12,-0.4865380041967804,0.004573810917675183,-1.752798096334154,-1.4313052246597022,0.10677583663889312,-0.15748169534754336,0.9,-0.14173352581278903,KBO_only,2024-2026
Ji Hoon Park 박지훈,Ji Hoon Park,2026,Bears (KBO),25,268,82.96587168172678,0.089552238,0.164179104,0.061403509,6.289855227223638,0.263157894,0.34375,0.324561403,0.668311403,0.3192835203371942,0.326086956,101,228,60,8,3,0,36,22,24,44,5,2,4,-0.43810166597190436,0.030795433603179913,-0.46599410273549163,-0.8268483120728229,0.7648720494656475,-0.14271498344845246,1.0,-0.14271498344845246,KBO_only,2026 only
Hyung-jun Kim 김형준,Hyung-jun Kim,2026,Dinos (KBO),26,1228,90.26339225574415,0.10342019480537461,0.3192182401294788,0.1869269243469055,2.22416782357092,0.22349822273208472,0.3104733832752443,0.41042514707899025,0.7208985303542345,0.3280245816914511,0.2914795247833876,373,1064,238,33,2,54,135,173,127,392,3,0,12,-0.31647186716947645,0.7704450897859609,2.537861060627815,1.3237910790742966,-1.3450293003446563,-0.1527541610181313,1.0,-0.1527541610181313,KBO_only,2023-2026
Ju Hong Park 박주홍,Ju Hong Park,2026,Heroes (KBO),25,459,76.97831189154545,0.10893246154466232,0.2657952068562091,0.10272940866666667,6.485375926126935,0.22302135452941177,0.3157841633551198,0.3257507631960785,0.6415349265511983,0.304470989270718,0.3067966934074074,155,399,89,18,4,5,51,30,50,122,14,1,5,-0.767963366555994,0.7688155301949146,1.0517688075544689,-0.37893969056737503,1.0891845113481717,-0.16281993552989765,1.0,-0.16281993552989765,KBO_only,2025-2026
Young Mook Hwang 황영묵,Young Mook Hwang,2026,Eagles (KBO),26,806,89.59762463990769,0.08064516061662531,0.14019851048511164,0.08070386026674937,4.254364153298264,0.2772440544615385,0.34369630344168733,0.35794791472828785,0.7016442181699751,0.3283888052534328,0.32163298981265503,302,720,200,31,6,5,106,78,65,113,7,12,9,-0.3254049480630322,-0.3170873314115952,-1.245405906479919,-0.8796653507849281,-0.011151539720096526,-0.16713065542881594,1.0,-0.16713065542881594,KBO_only,2024-2026
Jae-hyun Choo 추재현,Jae-hyun Choo,2026,Heroes (KBO),27,316,100.22605783517527,0.0759493663607595,0.17405063222151898,0.10730751753164557,1.7460602377848102,0.28332061120569624,0.34948509424683544,0.3906281287373418,0.7401132229841771,0.3437501287710231,0.3373934101234178,93,280,79,13,1,5,31,24,24,55,0,0,5,0.0923378238928036,-0.38647006219268093,-0.37656312385280577,-0.26404453392206567,-1.0748879074055313,-0.17272939732737458,1.0,-0.17272939732737458,KBO_only,2025-2026
Ho-yeon Lee 이호연,Ho-yeon Lee,2023,Wiz (KBO),28,234,96.347221181378,0.068376068,0.175213675,0.075471698,4.5830189554773675,0.278301886,0.339055793,0.353773584,0.692829377,0.3306919571667782,0.331360946,85,212,59,5,1,3,28,17,16,41,4,2,4,-0.04089730435383378,-0.5403525075555388,-0.2945428271698431,-0.6051724781931931,0.09439636334028756,-0.21477075342416824,0.9,-0.1932936780817514,KBO_only,2023 only
Seong Ho Cheon 천성호,Seong Ho Cheon,2026,Twins (KBO),28,690,86.55261016369319,0.06348562939130435,0.15604274050144926,0.08951601957536232,6.854308262100349,0.27788616188550724,0.33205530586811594,0.36740218146086956,0.6994574873289855,0.3238095075957708,0.3288610547898551,212,555,156,26,6,4,92,55,39,96,15,1,7,-0.4493814905924266,-1.0338390489535687,-0.8862023152862938,-0.6781503112423517,1.4724851075019258,-0.24872541362145376,0.9,-0.2238528722593084,KBO_only,2024-2026
Sun-woo Oh 오선우,Sun-woo Oh,2026,Tigers (KBO),29,556,103.40380942959143,0.07913668988489207,0.3219424456151079,0.1719078742266187,2.1335146510841665,0.2579009689280576,0.3237410069856115,0.4298088431546762,0.7535498501402877,0.34284934533698397,0.35857610742446044,154,507,131,22,1,21,68,62,44,179,0,2,5,0.26969487771776046,-0.34836770766672576,2.116764494439378,0.8011260297360373,-1.1434638483780346,-0.27781931665785603,0.9,-0.25003738499207045,KBO_only,2025-2026
Myeong Jin Oh 오명진,Myeong Jin Oh,2026,Bears (KBO),24,510,89.37427831855803,0.0823529409235294,0.23921568585098038,0.11752001464705883,4.863229851772927,0.2610297359647059,0.3246732022117647,0.3785497506117647,0.7032229528235294,0.32254811495857916,0.3387905123117647,169,452,118,20,6,7,51,56,42,122,5,6,3,-0.30124756599729097,-0.21612168229037493,0.6352664217993668,-0.14319336605637642,0.2987561865227491,-0.23845770820068637,1.05,-0.2503805936107207,KBO_only,2025-2026
Jun-young Park 박준영,Jun-young Park,2025,Bears (KBO),27,476,82.0596914779332,0.08403361291596637,0.300420167512605,0.16014979150420167,5.567098322197237,0.22410618210504205,0.30171595799579837,0.38425597360924363,0.685971931605042,0.3147048060865908,0.3075891565210084,157,424,95,24,4,12,50,55,40,143,7,0,8,-0.5801261368220914,-0.14923161589278844,1.6443086569976124,0.5610274934148499,0.6437851420500034,-0.281408030681496,1.0,-0.281408030681496,KBO_only,2023-2025
Jae-won Lee 이재원,Jae-won Lee,2026,Twins (KBO),26,226,86.27140126057375,0.0796460171902655,0.3230088490973452,0.18146278631415927,3.192551601471831,0.22212830349115043,0.30088495529646014,0.4035910898053097,0.70447604510177,0.3192609183074423,0.29813286752212387,102,198,44,12,0,8,24,34,18,73,4,3,6,-0.3162307862469778,-0.2361033908984888,1.4434325717529648,0.6275673756843447,-0.39786159807144494,-0.2846826540319358,1.0,-0.2846826540319358,KBO_only,2023-2026
Young-soo Oh 오영수,Young-soo Oh,2025,Dinos (KBO),25,417,83.36899274777079,0.09352517921103118,0.2446043158177458,0.10188261312470023,3.179339606019694,0.23415228088729015,0.3178024100959233,0.3360348940119904,0.6538373041079137,0.3107938160686233,0.30387930211990405,137,363,85,14,1,7,35,47,39,102,6,5,7,-0.5060167485542645,0.19168253335354604,0.6791269644210829,-0.37905672191334544,-0.5298402453192764,-0.33454880480565197,1.0,-0.33454880480565197,KBO_only,2023-2025
Ui San Jeon 전의산,Ui San Jeon,2026,Landers (KBO),25,401,88.68078203656039,0.0897755606159601,0.29177057277805485,0.14788588222942645,1.7789562216590111,0.23977502916957605,0.3142144636783042,0.38766091139900255,0.7018753750773068,0.3247141512552104,0.32291080034912717,120,358,86,20,0,11,33,60,36,117,1,2,4,-0.3063722185886848,0.057025284299512535,1.4047192210580977,0.33251014131910156,-1.1783179090876277,-0.3396929903053844,1.0,-0.3396929903053844,KBO_only,2023-2026
Won-seok Lee 이원석,Won-seok Lee,2026,Eagles (KBO),27,751,68.32881955193669,0.09986684374567244,0.20505991949933422,0.0645213250346205,6.931274033961724,0.2258434069627164,0.31471729539280957,0.29036473199733687,0.6050820273901465,0.29288282153009787,0.28630864449400795,387,649,147,19,4,5,135,61,75,154,48,13,10,-1.2844152469804662,0.5242173024656842,0.043618666838953206,-1.1734503981631788,1.555783471260943,-0.3399247810101032,1.0,-0.3399247810101032,KBO_only,2023-2026
Dong Jin Kwon 권동진,Dong Jin Kwon,2026,Wiz (KBO),27,526,80.55291200486919,0.10076045572813688,0.2870722424790874,0.09185101403041825,5.454883422120098,0.24253782432129276,0.323631621404943,0.334388838351711,0.658020459756654,0.31039378413355717,0.3529784531501901,222,458,111,23,5,3,71,52,53,151,4,2,3,-0.6599678688700148,0.49571784129119045,1.4719447648272874,-0.582907529338248,0.6114046404855518,-0.35029365688139436,1.0,-0.35029365688139436,KBO_only,2025-2026
Ju Heon Lee 이주헌,Ju Heon Lee,2026,Twins (KBO),23,272,81.33475603370115,0.07720588172058823,0.24632352913235292,0.13828890945588235,2.0233479689522054,0.2162819985,0.30865247245588234,0.35457090795588236,0.6632233804117647,0.3113522286749798,0.26559394011764703,135,236,51,9,0,8,34,26,21,67,0,0,11,-0.4900732288428007,-0.3259651795033099,0.5941091344651708,0.147755615293033,-0.8914331181621714,-0.37722182245605385,1.05,-0.39608291357885655,KBO_only,2025-2026
Sang-hyeon Ahn 안상현,Sang-hyeon Ahn,2026,Landers (KBO),29,498,84.24928115991507,0.07630522048995983,0.2811244976485944,0.1075608943614458,5.808275890018165,0.251978211251004,0.3181036865502008,0.3595391056124498,0.6776427921626507,0.3159248919757109,0.34929451515060234,174,436,110,16,2,9,67,33,38,140,22,10,5,-0.5021265001857598,-0.4444851529008428,1.3431569361725855,-0.30898017832938246,0.7790509037177393,-0.4471237240009289,0.9,-0.402411351600836,KBO_only,2025-2026
Han Byul Kim 김한별,Han Byul Kim,2026,Dinos (KBO),25,233,69.963906316055,0.08154506433476394,0.20600858366952787,0.04699254168669528,5.077834065827443,0.22682234206437768,0.3246878618454936,0.27381488375107293,0.5985027455965666,0.2953525744525635,0.299113309111588,153,199,45,7,1,0,31,11,19,48,3,3,10,-0.7723727056338034,-0.18869920802730678,0.07323250352350111,-0.9377806556811817,0.27133122970596957,-0.4502944973911323,1.0,-0.4502944973911323,KBO_only,2023-2026
Yu-chan Lee 이유찬,Yu-chan Lee,2026,Bears (KBO),27,936,75.06743302238303,0.0886752131431624,0.21581196534829059,0.06582303264423077,6.148590867287386,0.24780495485576923,0.3218088326623932,0.3136279875,0.6354368201623931,0.3029163136283384,0.318826475892094,382,819,203,28,4,6,125,70,83,202,44,13,9,-1.0326929741249757,0.0429219703598448,0.26268311728970856,-1.214960361247659,1.1656155121586131,-0.46491038827465836,1.0,-0.46491038827465836,KBO_only,2023-2026
Ki-yeon Kim 김기연,Ki-yeon Kim,2025,Bears (KBO),27,528,79.55498297200376,0.07765151447916666,0.1723484842310606,0.08495495977651514,1.9993773278440783,0.26329937439583334,0.32306038937689396,0.34825433417234847,0.6713147235492425,0.31211473638137605,0.3094995519261364,195,471,124,19,0,7,50,55,41,91,1,2,3,-0.7011177047192259,-0.40069452822849405,-0.5197433648629943,-0.7016272119066209,-1.1934716846087927,-0.4922200495856456,1.0,-0.4922200495856456,KBO_only,2024-2025
Myeong Jun Ko 고명준,Myeong Jun Ko,2026,Landers (KBO),23,1032,92.68201083118123,0.05523255770930233,0.2180232555503876,0.15987034451744186,2.299391094918347,0.2686234609166667,0.3091085269127907,0.4284938054341085,0.7376023323468992,0.33121951599463956,0.31255867762596895,277,964,259,41,1,37,97,129,57,225,6,4,3,-0.18922176425026438,-1.5322880549898807,0.3133413389895609,0.7125264490907764,-1.250442442520141,-0.4693786983048424,1.05,-0.49284763322008457,KBO_only,2024-2026
Hyeong-jun Yoon 윤형준,Hyeong-jun Yoon,2023,Dinos (KBO),29,236,84.71674765495565,0.042372881,0.245762711,0.133027523,2.6548570914207095,0.252293577,0.29059829,0.3853211,0.67591939,0.3128528454874316,0.316455696,82,218,55,12,1,5,17,27,10,58,1,1,3,-0.36543314071832883,-1.2397226709060962,0.5500951552214325,0.07193025307841172,-0.6006772206349013,-0.5477565546730454,0.9,-0.4929808992057409,KBO_only,2023 only
Seoung Bin Son 손성빈,Seoung Bin Son,2026,Giants (KBO),24,557,76.73894454519878,0.06642728833931777,0.1831238777199282,0.13478955452064634,2.552202033312388,0.24029303753859962,0.30055991373608615,0.375082592059246,0.6756425057953321,0.3094900734961488,0.2748134014183124,240,499,120,24,2,13,69,68,37,102,0,0,7,-0.8290802046544564,-0.8514635223117538,-0.3406343299522197,0.15447999793343398,-0.9211528075339778,-0.47171407364815343,1.05,-0.49529977733056113,KBO_only,2023-2026
Kyu-sung Kim 김규성,Kyu-sung Kim,2026,Tigers (KBO),29,596,67.49477962384918,0.08557046929362416,0.2231543619798658,0.07254320358557047,5.880443441926284,0.2313416603338926,0.3024005456845637,0.3038848639194631,0.6062854096040269,0.28931932398981813,0.2983570491728188,320,523,121,17,3,5,82,52,51,133,15,4,4,-1.2365205347635506,-0.09485474239091776,0.3748698070254311,-0.9517675133707963,0.8725172229706654,-0.554002097457702,0.9,-0.4986018877119318,KBO_only,2023-2026
Bo-keun Jeong 정보근,Bo-keun Jeong,2025,Giants (KBO),25,393,71.76772157584386,0.08905852367684479,0.2111959283842239,0.08331234909160304,2.1390865156361323,0.2379762940585242,0.31008831778625956,0.32128864315012723,0.6313769609363868,0.2970999395290701,0.2979606765216285,237,343,81,10,3,4,24,35,35,83,0,0,2,-0.9126612994912371,0.03129168337011451,0.1481782112563016,-0.6530434710527546,-1.0011417458829537,-0.518925069492134,1.0,-0.518925069492134,KBO_only,2023-2025
Gye-beom Park 박계범,Gye-beom Park,2025,Bears (KBO),29,392,72.63032368764499,0.07397959116836735,0.22704081583673472,0.08132144171938775,4.249868903881133,0.24112011951530615,0.3027147276428571,0.32244156123469386,0.625156288877551,0.2943281221110578,0.31231466899489796,172,344,83,15,2,3,41,42,29,89,5,3,3,-0.8807587009980026,-0.4888520882718462,0.3927102642440527,-0.6826182580707342,-0.020205469206418185,-0.5838913705387588,0.9,-0.525502233484883,KBO_only,2023-2025
Si Won Park 박시원,Si Won Park,2026,Dinos (KBO),25,273,60.25040005837084,0.08424908346886446,0.26373626322344323,0.09923856506593406,5.232486479556847,0.22720962748717946,0.29096308120146525,0.3264481925531135,0.6174112737545788,0.2861953863448985,0.30319798374358975,106,242,55,10,1,4,35,28,23,72,5,2,0,-1.12787518669262,-0.12218365411583315,0.8211537518153385,-0.3509929098029942,0.35991626188442766,-0.5262884880812011,1.0,-0.5262884880812011,KBO_only,2024-2026
Woo-hyuk Byun 변우혁,Woo-hyuk Byun,2025,Tigers (KBO),25,566,86.83359103278997,0.08657243781978799,0.2985865718568904,0.11830197906537103,2.3145982328143377,0.24915064569434625,0.3215547699823321,0.36745262475971735,0.6890073947420495,0.320913898813336,0.3467306630936396,199,510,127,20,2,12,56,62,49,169,1,0,6,-0.4148793261746664,-0.054308837685492425,1.7134062627701037,-0.13352561565205115,-1.0533339738385605,-0.5270904672035549,1.0,-0.5270904672035549,KBO_only,2023-2025
Young Woo Ko 고영우,Young Woo Ko,2024,Heroes (KBO),23,290,71.71834945791478,0.096551724,0.24482758600000004,0.062992126,2.42914745875,0.255905511,0.328671328,0.318897637,0.647568965,0.3057258898144835,0.349462365,94,254,65,12,2,0,21,35,28,71,0,0,1,-0.8035342621122784,0.24388353361966533,0.5910080337322778,-0.8388731882651613,-0.7565428880678351,-0.5121695267484246,1.05,-0.5377780030858459,KBO_only,2024 only
Nick Williams 윌리엄스,Nick Williams,2023,Eagles (KBO),29,273,83.62917641066163,0.029304029,0.23076923,0.158914729,2.400761000548502,0.244186046,0.274725274,0.403100775,0.677826049,0.311184701465425,0.285714285,68,258,63,14,0,9,29,45,8,63,1,1,4,-0.421537444088981,-1.7159658799416542,0.39313088267397,0.41173050652501897,-0.7457092777652286,-0.6066471620847224,0.9,-0.5459824458762501,KBO_only,2023 only
Ho-cheol Seo 서호철,Ho-cheol Seo,2026,Dinos (KBO),29,1449,86.68303899429867,0.05175983377087647,0.16218081393374742,0.09266576795721188,3.8298372917694237,0.2733589600759144,0.3261373504906832,0.3660247280331263,0.6921620785238095,0.3221121333412831,0.3174723352939959,413,1304,357,47,7,20,163,146,75,235,14,11,32,-0.5118017609813306,-1.8097642335606736,-0.9319637656314703,-0.7291347526205484,-0.29509585270435384,-0.6415235576343921,0.9,-0.5773712018709529,KBO_only,2023-2026
Ji Hwan Park 박지환,Ji Hwan Park,2024,Landers (KBO),18,249,79.81834809756191,0.048192771,0.244979919,0.109649123,6.2813550158399565,0.276315789,0.31707317,0.385964912,0.703038082,0.3184373063769767,0.355421686,76,228,63,9,2,4,33,21,12,61,8,3,3,-0.5148423114416835,-1.1146445124637605,0.5542456731599408,-0.20923931443324342,0.7304368215769609,-0.48505485325138886,1.25,-0.6063185665642361,KBO_only,2024 only
Doo-sung Chang 장두성,Doo-sung Chang,2026,Giants (KBO),26,472,73.22425950653924,0.0677966098220339,0.216101694279661,0.0355703604661017,7.853027344890697,0.2675795605932203,0.3247149363050847,0.30314992105932204,0.6278648573644068,0.29877095868925546,0.34982187437288137,194,422,113,7,4,0,76,42,32,102,33,5,5,-0.9210590277711586,-0.7533253031476114,0.23439668235417715,-1.484211319179856,1.7868892501549027,-0.617961875291858,1.0,-0.617961875291858,KBO_only,2025-2026
Min Suk Kim 김민석,Min Suk Kim,2026,Bears (KBO),22,1203,84.42711975028233,0.073150456719867,0.2219451366475478,0.08491177038653366,4.796694390033841,0.2648996796525353,0.3261414876126351,0.349811450039069,0.6759529376517041,0.31663216902061964,0.34118981066666665,376,1074,284,53,7,8,133,108,88,267,24,6,15,-0.6117471683155145,-0.7079666512544996,0.4062440445633146,-0.8721687914361499,0.34765355812844273,-0.5611208224671622,1.15,-0.6452889458372365,KBO_only,2023-2026
Min-jae Jeon 전민재,Min-jae Jeon,2026,Giants (KBO),27,1054,81.83787935558082,0.06072106216508539,0.1878557870170778,0.08926875725142315,3.787267641503409,0.2702458629478178,0.321499341585389,0.359514620199241,0.6810139617846299,0.31519092335636023,0.3239078658083492,314,951,257,38,1,15,114,122,64,198,21,9,12,-0.7250296604247232,-1.279143854372425,-0.3255484243006033,-0.7582632309653105,-0.3069919080605966,-0.6708144350745544,1.0,-0.6708144350745544,KBO_only,2024-2026
Do-yun Lee 이도윤,Do-yun Lee,2026,Eagles (KBO),29,1347,73.77624929171003,0.0534521153355605,0.15812917532962137,0.07077019757238308,5.229784631035371,0.2660224260579065,0.31207377453377877,0.33679262363028956,0.6488663981640683,0.30201468227785805,0.3160631993407573,454,1214,323,49,11,5,159,129,72,213,20,8,14,-1.1756770870161768,-1.703014983379117,-1.0091490923845443,-1.2006429740044944,0.6464283306005072,-0.8025702698327989,0.9,-0.722313242849519,KBO_only,2023-2026
Chan Hyeok Park 박찬혁,Chan Hyeok Park,2026,Heroes (KBO),23,451,71.49455637343388,0.08203991077827051,0.24833702881152994,0.10146826770509977,1.1960722176053216,0.22164333759423502,0.304466264751663,0.32311160529933486,0.6275778700509977,0.2983362624170964,0.2850631214235033,130,398,88,13,0,9,40,36,37,112,0,0,11,-0.9720211908723538,-0.2201709509810347,0.759375215652241,-0.39687536140363017,-1.5217532177258764,-0.6921057714081147,1.05,-0.7267110599785205,KBO_only,2023-2026
Min Park 박민,Min Park,2026,Tigers (KBO),25,288,49.69481022391013,0.06597222184375001,0.2222222220520833,0.08662732713541667,4.764408429500997,0.20077570901041664,0.26980280689583336,0.28740303614583335,0.5572058430416666,0.26459335138596835,0.2556216930208334,146,254,51,10,0,4,29,26,19,64,6,0,5,-1.4850416056049476,-0.66905243174093,0.2875267930810003,-0.5255006204841701,0.18331480131304706,-0.7426732525443961,1.0,-0.7426732525443961,KBO_only,2025-2026
Dae-han Kim 김대한,Dae-han Kim,2026,Bears (KBO),25,288,47.960207697200616,0.07291666619791666,0.24652777751041663,0.08944101491319444,4.642439728799341,0.19483881997569444,0.2675429257013889,0.2842798348888889,0.5518227605902778,0.2631515268615958,0.24406581302777777,125,255,50,6,1,5,35,23,21,71,3,4,5,-1.5389179037935192,-0.46196916384051456,0.6119409480140959,-0.48853063992361095,0.13435806614940243,-0.7532291256700807,1.0,-0.7532291256700807,KBO_only,2023-2026
Hyeong Woo Cho 조형우,Hyeong Woo Cho,2026,Landers (KBO),24,761,72.90951997817675,0.068331142760841,0.19053876403153744,0.10714062327463865,1.6053286180716162,0.23988134529434954,0.29723229914191857,0.34702196856898815,0.6442542677109068,0.29884448146171844,0.28325594451116953,258,684,164,32,1,13,73,77,52,145,0,0,7,-1.0805961259230439,-0.8506935052144139,-0.24038320112285147,-0.3576919228241071,-1.568707601906631,-0.7292038786675735,1.05,-0.7656640726009523,KBO_only,2023-2026
Tae Hyun Jeon 전태현,Tae Hyun Jeon,2025,Heroes (KBO),19,207,58.60888044289324,0.09661835699999999,0.285024154,0.027472527999999996,4.261619519009966,0.23076923,0.303921568,0.258241758,0.562163326,0.2729531468129625,0.336,77,182,42,5,0,0,20,10,20,59,4,0,0,-1.0207945387888484,0.19473906015222536,0.9535238569280367,-1.092094831424851,-0.0224826937387553,-0.6212494107966494,1.25,-0.7765617634958117,KBO_only,2025 only
Hyeon Joon Kim 김현준,Hyeon Joon Kim,2024,Lions (KBO),21,684,76.34169169426558,0.05994152017543859,0.19444444404385966,0.06978936526461987,5.295871897994795,0.25960671565204685,0.3124709631564328,0.32939608091666667,0.6418670440730994,0.3035770749036043,0.3224554584459064,188,616,160,20,7,3,85,57,41,133,7,5,9,-0.8985075378842419,-1.1812362724669436,-0.15618325711495548,-1.044301890770695,0.580701936941383,-0.6922240253747658,1.15,-0.7960576291809806,KBO_only,2023-2024
Sang-kwon Byeon 변상권,Sang-kwon Byeon,2024,Heroes (KBO),27,232,60.706102156729,0.047413792999999996,0.219827586,0.091324201,1.644906315,0.251141552,0.28879310300000005,0.342465753,0.631258856,0.2884442495374844,0.304878048,77,219,55,3,1,5,16,21,11,51,0,0,1,-1.0267183388583554,-1.0945722169544714,0.23749729243072618,-0.41698129449864013,-0.9562737475544697,-0.7963067834159083,1.0,-0.7963067834159083,KBO_only,2024 only
Joon Seo Eo 어준서,Joon Seo Eo,2026,Heroes (KBO),19,443,67.45750013574575,0.0790067715778781,0.21444695224604968,0.07526827056207674,3.3247183751729636,0.23363770006320542,0.30066919596388264,0.3089059706252822,0.6095751665891648,0.28799695083780624,0.29096964476297965,145,398,93,10,1,6,54,29,35,95,1,0,4,-1.1182862660016097,-0.3290988565481786,0.20394820965139412,-0.8133554655854592,-0.4710768166494998,-0.6581316001672785,1.25,-0.8226645002090981,KBO_only,2025-2026
Dong Heon Kim 김동헌,Dong Heon Kim,2026,Heroes (KBO),21,413,76.69221642479077,0.06537530194188862,0.23486682776271187,0.07082119624213075,2.1413269752602906,0.24585390310895885,0.3153634717699758,0.31667509935108956,0.6320385711210653,0.3022775101553199,0.32214593749636805,179,366,90,13,2,3,35,36,27,97,0,0,12,-0.749556889187942,-0.802043417984136,0.5230479221495824,-0.8603343249322188,-1.0206065271486564,-0.7779626272761633,1.15,-0.8946570213675877,KBO_only,2023-2026
Tae-jin Kim 김태진,Tae-jin Kim,2025,Heroes (KBO),29,716,56.09701435387932,0.04469273680446928,0.14385474824301675,0.07097290406983241,3.0602540816740205,0.24308183610893858,0.2761042267318436,0.314054740178771,0.5901589669106145,0.27221081194722485,0.2770464961312849,248,666,162,22,5,5,70,51,32,103,1,1,1,-1.8145006218601563,-1.8510338750236617,-1.131134454884589,-1.0358430809391497,-0.7018074446913085,-1.1147878477382347,0.9,-1.0033090629644112,KBO_only,2023-2025
Gun Hee Kim 김건희,Gun Hee Kim,2026,Heroes (KBO),21,1019,78.60543158394705,0.05789990139352306,0.27870461169578015,0.1291356768900883,1.7765966886923221,0.2581811192423945,0.2998215054955839,0.3873167961324828,0.6871383016280667,0.3107212005270575,0.3451359688626104,303,938,242,57,2,20,83,113,59,284,2,1,1,-0.8785341010362913,-1.40259990572326,1.5902120603477539,0.07341347929987234,-1.5779670733196667,-0.9958560272658576,1.15,-1.145234431355736,KBO_only,2024-2026
Hyuk Bin Gwon 권혁빈,Hyuk Bin Gwon,2026,Heroes (KBO),20,262,46.88533222201137,0.045801526,0.244274809,0.042194093,2.44588744,0.227848101,0.28125,0.270042194,0.551292194,0.2632799320854246,0.310344827,90,237,54,8,1,0,23,21,12,64,0,0,6,-1.5004954934551806,-1.212016548382386,0.5582041787153018,-1.0576435055319429,-0.7133425193978786,-1.1197463649856225,1.25,-1.399682956232028,KBO_only,2026 only
