Rank,Name,Team,seasons_used,PA,Age,wRC+,BB%,K%,ISO,Spd,z_wRC+,z_BB%,z_K%,z_ISO,z_Spd,adjusted_composite,Percentile
1,Hyun Min Ahn 안현민,Wiz (KBO),2025-2026,626,22,175.2421922237176,0.1613418523290735,0.16293929676996807,0.2260120517507987,5.150154208620428,3.3012645648866834,3.0445037173655254,-0.6905596304106806,1.891328690612711,0.4164197162871576,2.5472022751266667,98.71794871794873
2,Do Yeong Kim 김도영,Tigers (KBO),2023-2026,1503,22,153.9832041071491,0.10711909492481703,0.17032601457085828,0.26352011005721887,7.415114718958725,2.9761115411135273,0.9707245692498836,-0.6956230321188013,3.195605343279283,2.0836172309222394,2.2566929960025663,97.43589743589743
3,Bo-gyeong Moon 문보경,Twins (KBO),2023-2026,1993,25,123.8457958055439,0.1209232308078274,0.1746111383055695,0.17509265478825892,3.5766556563977216,1.4611496067887424,1.7566572215462184,-0.6240646660339816,1.2419449040635706,-0.5853715816399615,1.1300766980755128,96.15384615384616
4,Seung-kyu Park 박승규,Lions (KBO),2025-2026,462,25,133.10528575766568,0.1320346316233766,0.17316017313419915,0.18005048797402595,5.968203829222113,1.3479787840550663,1.6256834974863297,-0.43864286371225236,0.932259030016604,0.7799398067477887,1.1163759175078223,94.87179487179486
5,Ji-chan Kim 김지찬,Lions (KBO),2023-2026,1584,25,110.4180028914148,0.11868686806881314,0.08964646421590909,0.04886043085984848,7.040130802869623,0.7017217922145443,1.581163069354436,-2.6005533710493456,-1.6894324233301534,1.8410486835491835,1.0566079840682367,93.58974358974359
6,Seong-yoon Kim 김성윤,Lions (KBO),2023-2026,1160,27,124.1249588754647,0.09655172341982758,0.11465517199913791,0.11222078411724139,7.510884760567839,1.3428114661491721,0.40327482455686703,-1.8975646937348156,-0.2290349867923847,2.047138516451721,1.053533688357246,92.3076923076923
7,Si-hwan Roh 노시환,Eagles (KBO),2023-2026,2160,25,127.80167814373473,0.10925925876990741,0.2152777769699074,0.22135543578333333,4.037499879681252,1.695055281101242,1.141616263475893,0.36814084375100375,2.3609428531445342,-0.2563012168708768,1.0488037877337375,91.02564102564102
8,Seong-han Park 박성한,Landers (KBO),2023-2026,2005,28,114.38485566963685,0.12817955058902744,0.13965087230773068,0.10435738230872818,3.509728666450519,0.9454569283833683,2.1485338899533777,-1.4756649812514822,-0.4319593459264265,-0.6339523717990018,0.8889429673663085,89.74358974358975
9,Baek-ho Kang 강백호,Eagles (KBO),2023-2026,1595,26,124.53557636086182,0.10658307166018807,0.19686520308087774,0.20732460071034478,2.8538641753018794,1.4489256752492565,0.9527487397155054,-0.07790379013246493,1.9395219207863552,-1.0711943021315167,0.8722545034349478,88.46153846153845
10,Seung Yeup Na 나승엽,Giants (KBO),2024-2026,1069,24,108.79835059211072,0.13283442416276894,0.16744621106361088,0.14317217938353602,2.8050101704964403,0.5666623836937517,2.148027445374837,-0.7100817843735366,0.43191183290198637,-1.0279657416197545,0.8515627408048578,87.17948717948718
11,Sung-ju Moon 문성주,Twins (KBO),2023-2026,1624,29,112.9401557749313,0.11391625570012316,0.09482758548214286,0.07102878627278325,4.248855381452844,0.8385109664748662,1.3385056942197828,-2.4886807368550663,-1.1865130094643228,-0.10023909886579847,0.8063234996059716,85.8974358974359
12,Jae Hyeon Lee 이재현,Lions (KBO),2023-2026,1686,23,108.22278604299599,0.1168446022876631,0.1826809011227758,0.16078402345788848,3.71730194838353,0.5922622404524894,1.5003235585104993,-0.41617940781776885,0.8811560102805742,-0.47384203098768024,0.7568238738587557,84.61538461538461
13,Ju Won Kim 김주원,Dinos (KBO),2023-2026,1939,23,112.99696283983515,0.09644146432955134,0.1944301180453842,0.14105857663950488,6.333292952854864,0.8654453713128009,0.43854617761189846,-0.14120750920520855,0.43491723478617816,1.3911356765818796,0.6319559510396698,83.33333333333334
14,Dong Hee Yoon 윤동희,Giants (KBO),2023-2026,1619,22,109.19963794440935,0.10191476155713404,0.18221124121618282,0.13101598476961088,3.5630844330933535,0.6398564066590003,0.7114795590875682,-0.42424542139520915,0.19170121198986032,-0.5787369843161231,0.4893909863278258,82.05128205128204
15,Won-jun Choi 최원준,Wiz (KBO),2023-2026,1604,29,103.86781718158782,0.09319812660598505,0.1482569081627182,0.11099646765149628,5.849653124602199,0.35668215994733443,0.25610612913066516,-1.2240440820947218,-0.26775326323691195,1.015285235062154,0.4294849776358406,80.76923076923077
16,Hyun Bin Moon 문현빈,Eagles (KBO),2023-2026,1729,22,109.66542595894592,0.07807981444129555,0.15268941524465007,0.1324711395112782,4.57708981965084,0.672007990760045,-0.537264765346047,-1.1332529682114267,0.2279101027053225,0.13049252565471559,0.39234845263081564,79.48717948717949
17,Whee Jip Kim 김휘집,Dinos (KBO),2023-2026,1608,24,106.25143029134486,0.09627749209390546,0.19371040927674127,0.15193832663868162,3.3842174265960914,0.483027564983003,0.4167676841856877,-0.15250171937083332,0.6714302853302585,-0.7028370724854592,0.32553293846480647,78.2051282051282
18,Seung-min Go 고승민,Giants (KBO),2023-2026,1621,25,98.39089545987956,0.09685379370758793,0.1659469456249229,0.12026682434608268,4.660924570102344,0.06712087214572385,0.4474453870054067,-0.8084290028693926,-0.05516494200818297,0.18737524606571024,0.3041461922742909,76.92307692307693
19,Jun-su Han 한준수,Tigers (KBO),2023-2026,942,27,109.49577865428957,0.09554140103397028,0.16878980864968152,0.14962024140976646,1.6728826215790766,0.5813596414286325,0.33509820228403786,-0.6591646187526379,0.5511376846050303,-1.7097134625876402,0.30171467318211737,75.64102564102564
20,In Ho Choi 최인호,Eagles (KBO),2023-2025,551,25,105.87419925592376,0.08711433715789473,0.14882032632849365,0.11449762245916516,4.835093111739955,0.3374560649088795,-0.05941916295332546,-0.9142566416285105,-0.15624780616857126,0.22857117632642032,0.26865330376739094,74.35897435897436
21,Jae Seok An 안재석,Bears (KBO),2025-2026,363,24,112.42081760967558,0.07438016485123967,0.18181818133057853,0.1754326483140496,5.727379425951403,0.4982980806174973,-0.489936504845964,-0.2566184857963675,0.7679419933439983,0.5917282832358126,0.26532777858112333,73.07692307692307
22,Ji-hoon Choi 최지훈,Landers (KBO),2023-2026,1966,28,92.33513431780318,0.07324516733570702,0.13021363128179045,0.11942054732858595,7.390949855384118,-0.258768014039961,-0.80550723478121,-1.7008275486370432,-0.07522484505679296,2.1527387074008923,0.23863359672151935,71.7948717948718
23,Tae Yang Han 한태양,Giants (KBO),2025-2026,386,22,102.90233062460312,0.11398963708031087,0.24352331567098448,0.09273109563471503,6.128683164344573,0.17789063913195496,0.8767143022962839,0.706002024325823,-0.47607280293600335,0.7958974794873694,0.16045281845035372,70.51282051282051
24,Jun Jae Jeong 정준재,Landers (KBO),2024-2026,1018,23,89.81726089281544,0.09724950824950884,0.18467583415913555,0.06838864875638506,7.588105509188627,-0.3611839370005636,0.423863633438602,-0.32917301470442395,-1.1457115694070807,2.0384147392261944,0.10020157214751974,69.23076923076923
25,Ju Hyoung Lee 이주형,Heroes (KBO),2023-2026,1381,25,105.70224936322965,0.07965242527226649,0.2194062267762491,0.1440788281129616,5.65717879287729,0.44053077105894467,-0.4399977774788967,0.44389842143664404,0.47742359664132505,0.8584065778565241,0.09083429994248159,67.94871794871796
26,Chan-ui Song 송찬의,Twins (KBO),2025-2026,385,27,117.44059450568406,0.07792207717402598,0.26493506431168834,0.19481882283116883,4.867037336056065,0.690828171439298,-0.3783514638498712,1.0420733144320076,1.0863246812902816,0.20845780321065585,0.08804040509752788,66.66666666666666
27,Eun-won Jung 정은원,Eagles (KBO),2023 only,459,23,76.44425982629129,0.135076252,0.15904139399999997,0.046391753,3.2446050314549133,-0.807889403794939,1.735157737668427,-0.67628682611129,-1.2705717749482914,-0.5844499112760508,0.081531682187586,65.38461538461539
28,Tae-yean Kim 김태연,Eagles (KBO),2023-2026,1342,29,102.64748666297619,0.08643815169597616,0.18852458995827126,0.1190669420804769,3.5658168245585804,0.2810361892735175,-0.09493263979831103,-0.26437806989532314,-0.08177886763591907,-0.559937256253014,0.04067347953676756,64.1025641025641
29,Jeong-won Choi 최정원,Dinos (KBO),2024-2026,446,26,97.41866081978766,0.09865470812780269,0.18161434910089685,0.037797960076233185,6.465877936198532,-0.011972045026767294,0.36777360871007675,-0.29010149084757486,-1.396559744098825,1.014662658052326,0.03835439102941282,62.82051282051282
30,In Seo Heo 허인서,Eagles (KBO),2026 only,244,22,127.7671078283756,0.086065573,0.299180327,0.202830188,2.1981891339285715,0.826274647130303,-0.08696434398166446,1.2756983308907694,0.9541193109871567,-0.8310817792834737,0.03566306478803403,61.53846153846154
31,Seong Bin Hwang 황성빈,Giants (KBO),2023-2026,1133,28,87.25050512696879,0.06884377698411297,0.15092674266107678,0.0831473589232127,8.936000699071188,-0.49532498420605914,-0.954150557440633,-1.0853917556994659,-0.8539155344588072,2.9689319707782387,-0.001125824915772017,60.256410256410255
32,Bon-hyeok Gu 구본혁,Twins (KBO),2024-2026,1004,29,85.55273367797845,0.0906374496942231,0.12151394394223107,0.05740989821115538,4.51888006554405,-0.5665227457097409,0.10742591113800187,-1.6888871114484922,-1.3723565453620912,0.07732234060449235,-0.003099754244328985,58.97435897435898
33,Young Woong Kim 김영웅,Lions (KBO),2023-2025,1111,21,100.63128938990525,0.09090909029522952,0.2934293427632763,0.21137293278937896,4.720478858919577,0.16814867824615415,0.12432296405199184,2.0595259411576947,1.8977674982839854,0.21118961785240145,-0.028285120799385322,57.692307692307686
34,Young Mook Hwang 황영묵,Eagles (KBO),2024-2026,772,26,92.82958297216035,0.08160621688860104,0.1424870459235751,0.07843630752072539,4.339340222813224,-0.20584370663486398,-0.30536725025404937,-1.1524245220249372,-0.8748168770843998,-0.036972707158729676,-0.04252982242751704,56.41025641025641
35,Jin-young Lee 이진영,Eagles (KBO),2023-2026,983,28,100.47081000750084,0.11088504541200407,0.2797558490254323,0.1353294862756867,3.2749120185527096,0.15376871350399932,1.066287548112242,1.7127525530557863,0.2592269316868234,-0.7115366610908296,-0.05590587229916078,55.12820512820513
36,Ji-yeol Im 임지열,Heroes (KBO),2023-2025,662,29,97.46903264557609,0.10574018087311178,0.26435045265105744,0.12740227696223566,4.148555888992943,0.00032334359105642426,0.7331527009032951,1.2488216086055968,0.07897686409415984,-0.14553610954199311,-0.06217760228224861,53.84615384615385
37,Ju Hong Park 박주홍,Heroes (KBO),2025-2026,442,25,82.80671623892215,0.11312217166968325,0.26018099518552035,0.10443041562669683,6.612344497608168,-0.5589222223755109,0.8993624613946356,1.020980488093635,-0.31120207200684186,1.0830141915922487,-0.08541104062452282,52.56410256410257
38,Jun Soon Park 박준순,Bears (KBO),2025-2026,532,19,113.75240341148512,0.041353382785714286,0.19172932300375942,0.15903317254887217,5.213775575631769,0.6486838733345418,-1.8694340650797074,-0.13416282737420554,0.6202333198396887,0.42554851924439696,-0.13791367361791276,51.28205128205128
39,Ji Hoon Park 박지훈,Bears (KBO),2026 only,217,25,75.937664104862,0.087557603,0.142857142,0.043243243,6.222026225932824,-0.5982396116279028,-0.04613079745604659,-0.6379453531217407,-0.9339164912934507,0.6168479001826385,-0.14181819590378805,50.0
40,Jae Hyun Park 박재현,Tigers (KBO),2026 only,330,19,96.24486764481142,0.057575757,0.187878787,0.134868421,6.765486748372666,-0.058887756510940754,-1.0155962035048511,-0.15361612397525054,0.15401804239702035,1.014287404461505,-0.14538838278592672,48.717948717948715
41,Ho-yeon Lee 이호연,Wiz (KBO),2023 only,234,28,96.347221181378,0.068376068,0.175213675,0.075471698,4.5830189554773675,-0.05935211027930933,-0.5657308192115719,-0.27231789323138267,-0.5882658042530289,0.051563640958794024,-0.16907243920423573,47.43589743589743
42,Dong Jin Kwon 권동진,Wiz (KBO),2025-2026,463,27,88.58768032722703,0.11015118735637149,0.27429805531533474,0.09885836114686825,5.4160209898054745,-0.34755229205467525,0.8056541117243207,1.2784775143503917,-0.4080752822633374,0.5034964201240085,-0.16940931288250052,46.15384615384615
43,Seong Ho Cheon 천성호,Twins (KBO),2024-2026,672,28,85.83788532455848,0.06518613747916667,0.15278198060416667,0.08368443128124999,6.671307964385632,-0.5043798277969616,-0.9975827502628222,-0.904345660390809,-0.7431751672691829,1.296517268985752,-0.18149854681659103,44.871794871794876
44,Myeong Jin Oh 오명진,Bears (KBO),2025-2026,494,24,90.60834665149399,0.0829959511214575,0.23481781343319838,0.1147263136659919,4.988489208174967,-0.27538284079207515,-0.21772806910598955,0.6216118129978637,-0.14832270430367225,0.2971503312941464,-0.2665977348613203,43.58974358974359
45,Sang-hyeon Ahn 안상현,Landers (KBO),2025-2026,412,29,94.87921706552908,0.07766990283252427,0.26456310668932037,0.10452958665291262,6.228561036432248,-0.10642024469166343,-0.39695184745983936,1.0647608753160016,-0.30224385613863597,0.8673210300176948,-0.27244861717921665,42.30769230769231
46,Won-seok Lee 이원석,Eagles (KBO),2023-2026,708,27,67.55268345709767,0.1002824853898305,0.2033898299237288,0.06498009461864405,7.069284534995603,-1.3178419122322067,0.5123037399028602,0.07490073359361223,-1.111812067723238,1.548969030351936,-0.29413169253596144,41.02564102564102
47,Ui San Jeon 전의산,Landers (KBO),2023-2026,259,25,89.44325010292425,0.0926640921042471,0.2779922775135135,0.15608972499613902,1.7119543610533974,-0.25914388729470134,0.1010847258860711,1.0407245073951166,0.3978170863043944,-1.043633050869644,-0.3053076283372212,39.743589743589745
48,Young-soo Oh 오영수,Dinos (KBO),2023-2025,417,25,83.36899274777079,0.09352517921103118,0.2446043158177458,0.10188261312470023,3.179339606019694,-0.5270239602975013,0.17174146277710708,0.7449536892686437,-0.3454180245709432,-0.5948626574055992,-0.37546152967490376,38.46153846153847
49,Han Byul Kim 김한별,Dinos (KBO),2023-2026,214,25,70.80828570617192,0.08411214899065421,0.19626168191121493,0.04484470395794393,4.471705703829043,-0.7281851302706843,-0.13493548142013478,-0.009973822150249922,-0.9086548121185177,0.008843423078256423,-0.385608524516141,37.17948717948718
50,Hyung-jun Kim 김형준,Dinos (KBO),2023-2026,1140,26,89.7424060098468,0.10350877137192983,0.3210526307991228,0.18732093221491225,2.2913977574945967,-0.3719522620333569,0.7423381426206462,2.6823516003514563,1.3900418246739425,-1.3779919056405516,-0.39176437988810053,35.8974358974359
51,Dong-hui Han 한동희,Giants (KBO),2023-2026,557,27,77.56852666181898,0.07540394893716337,0.166965888518851,0.11001194720825852,2.078805224347728,-0.8164734844706296,-0.5302634560188023,-0.5879563227551063,-0.23600567212612877,-1.2521037682658722,-0.4205278724403747,34.61538461538461
52,Jun-young Park 박준영,Bears (KBO),2023-2025,476,27,82.0596914779332,0.08403361291596637,0.300420167512605,0.16014979150420167,5.567098322197237,-0.6019764826834666,-0.1760523030612072,1.7400194160595617,0.6114985051601654,0.5860051675496061,-0.42228461125326866,33.33333333333333
53,Yu-chan Lee 이유찬,Bears (KBO),2023-2026,920,27,76.15598401851852,0.08913043414999999,0.2163043474021739,0.06705392287282609,6.125466110871556,-1.0015679570734113,0.03379670308801496,0.347779660261047,-1.1472337031053426,1.0770313143097705,-0.4259590674370534,32.05128205128205
54,Kyu-sung Kim 김규성,Tigers (KBO),2023-2026,562,29,70.16378916694951,0.08540925205871887,0.22241992829537366,0.07493911993950178,5.9376733062527345,-1.1220040615210591,-0.1282227132024307,0.4218044006915896,-0.8590424856274647,0.8249729584897548,-0.4494391685013488,30.76923076923077
55,Ki-yeon Kim 김기연,Bears (KBO),2024-2025,528,27,79.55498297200376,0.07765151447916666,0.1723484842310606,0.08495495977651514,1.9993773278440783,-0.7229981685487791,-0.43262561147926953,-0.47947806051808334,-0.6675029454700723,-1.2710632594670406,-0.4563920090980493,29.48717948717949
56,Sun-woo Oh 오선우,Tigers (KBO),2025 only,474,28,104.40591457798604,0.071729957,0.333333333,0.167048055,2.2419866641303727,0.25842293023091173,-0.6419609002745242,2.301388619944793,0.7254153099312739,-1.0992352320462202,-0.4899170670329223,28.205128205128204
57,Bo-keun Jeong 정보근,Giants (KBO),2023-2025,393,25,71.76772157584386,0.08905852367684479,0.2111959283842239,0.08331234909160304,2.1390865156361323,-0.9290919731521801,0.009412905237143903,0.19792948942489444,-0.6247981887905688,-1.0688763381053696,-0.5165676256504692,26.923076923076923
58,Gye-beom Park 박계범,Bears (KBO),2023-2025,392,29,72.63032368764499,0.07397959116836735,0.22704081583673472,0.08132144171938775,4.249868903881133,-0.8974626244406125,-0.5190594180746528,0.4489827692279053,-0.65486745444074,-0.07877364107172874,-0.5354169101727407,25.64102564102564
59,Ho-cheol Seo 서호철,Dinos (KBO),2023-2026,1433,29,87.37543463554056,0.05024424223656664,0.16120027871737613,0.09358939771946966,3.7581997367329634,-0.5079210707471292,-1.9467949230348576,-0.9006281442168679,-0.6556031418157474,-0.43450830764272813,-0.5406666526585031,24.358974358974358
60,Hyeong-jun Yoon 윤형준,Dinos (KBO),2023 only,236,29,84.71674765495565,0.042372881,0.245762711,0.133027523,2.6548570914207095,-0.3809005082415517,-1.2764288402902415,0.5953597062109233,0.09901538695027494,-0.6501941854390764,-0.5423547728597193,23.076923076923077
61,Young Woo Ko 고영우,Heroes (KBO),2024 only,290,23,71.71834945791478,0.096551724,0.24482758600000004,0.062992126,2.42914745875,-0.8173247950993001,0.22875263397388024,0.6435693133845698,-0.8204293793755085,-0.8133647864281759,-0.5471802296754967,21.794871794871796
62,Doo-sung Chang 장두성,Giants (KBO),2025-2026,449,26,72.80608289176166,0.06904231594209355,0.2249443201959911,0.03736534440534522,7.9740390276322,-0.9385148429087945,-0.7292143327503086,0.4358577135669132,-1.4072402702001536,1.765266450992339,-0.5855889742043873,20.51282051282051
63,Myeong Jun Ko 고명준,Landers (KBO),2024-2026,1016,23,92.15083745163795,0.054133857834645666,0.21850393688385827,0.15793855981496063,2.2911390033032806,-0.24789874404743067,-1.6354940842215686,0.40190173954719377,0.7367676686373729,-1.3448913477355025,-0.6169773504898547,19.230769230769234
64,Seoung Bin Son 손성빈,Giants (KBO),2023-2026,461,24,66.948133656567,0.0650759214121475,0.1843817785726681,0.1236645075184382,2.8788819371258136,-1.1704608238018641,-0.8849612106134999,-0.24796434811562734,0.001592731329654724,-0.7686335289421186,-0.6293806295338511,17.94871794871795
65,Min-jae Jeon 전민재,Giants (KBO),2024-2026,942,27,82.95425354872698,0.05944798259554141,0.18789808877707007,0.09259094924203821,3.732214726720668,-0.6830378699734412,-1.3583471399022315,-0.2535711958075957,-0.6263097951166917,-0.41786181347672124,-0.629516557421247,16.666666666666664
66,Woo-hyuk Byun 변우혁,Tigers (KBO),2023-2025,566,25,86.83359103278997,0.08657243781978799,0.2985865718568904,0.11830197906537103,2.3145982328143377,-0.44025864523196606,-0.08137629013155889,1.8158383139437553,-0.08954019684913295,-1.1314448653147187,-0.6421648449500724,15.384615384615385
67,Ji Hwan Park 박지환,Landers (KBO),2024 only,249,18,79.81834809756191,0.048192771,0.244979919,0.109649123,6.2813550158399565,-0.5295325319032993,-1.1499257274422963,0.6012244455665579,-0.18506106727868168,0.6917453833581645,-0.6564633778760764,14.102564102564102
68,Jun-won Jang 장준원,Wiz (KBO),2023-2025,258,29,41.699590427802576,0.07751937912403101,0.201550387248062,0.05801479109302326,3.468796959765797,-1.6453011283749834,-0.33240998828277324,0.04957228749227241,-0.8375231837379981,-0.3696876401962423,-0.67428408119577,12.82051282051282
69,Do-yun Lee 이도윤,Eagles (KBO),2023-2026,1247,29,72.68279896782452,0.05292702450441058,0.16118684801042502,0.0691791515477145,5.192462464156301,-1.2410063480694977,-1.7653856337430043,-0.8764886892026088,-1.1760517150697967,0.5317407897934072,-0.6854258279674866,11.538461538461538
70,Min Suk Kim 김민석,Bears (KBO),2023-2026,1074,22,82.12068026311844,0.07076350033705772,0.2281191800651769,0.08786453155027933,5.092979203494851,-0.7424448452316452,-0.8510939528819618,0.616371306267053,-0.7444322247276267,0.4502139497126673,-0.7192383380484626,10.256410256410255
71,Min Park 박민,Tigers (KBO),2025-2026,288,25,50.38375349098578,0.06597222184375001,0.2222222220520833,0.08662732713541667,4.764408429500997,-1.4710655055021171,-0.6987734311457278,0.33169183176547745,-0.5025983415031153,0.13540473589796334,-0.7442006534258335,8.974358974358974
72,Hyeon Joon Kim 김현준,Lions (KBO),2023-2024,684,21,76.34169169426558,0.05994152017543859,0.19444444404385966,0.06978936526461987,5.295871897994795,-0.9213051633008822,-1.228239756793026,-0.09916580197692103,-1.009862345045491,0.5129892041937644,-0.7633685730001717,7.6923076923076925
73,Tae Hyun Jeon 전태현,Heroes (KBO),2025 only,207,19,58.60888044289324,0.09661835699999999,0.285024154,0.027472527999999996,4.261619519009966,-1.028464572883075,0.18248933245580584,1.0058015481068079,-1.0851625015707276,-0.06297675087606942,-0.7914367483694358,6.41025641025641
74,Dong Heon Kim 김동헌,Heroes (KBO),2023-2025,333,20,78.2943247869143,0.07207207117717718,0.2342342338318318,0.05821663774174174,2.4554844206681685,-0.651926701583741,-0.5479875988773725,0.5278849897079861,-0.9427750867242797,-0.8565038852186883,-0.8315231995832167,5.128205128205128
75,Tae-jin Kim 김태진,Heroes (KBO),2023-2025,716,29,56.09701435387932,0.04469273680446928,0.14385474824301675,0.07097290406983241,3.0602540816740205,-1.8290457164009064,-1.9092211317140526,-1.0992578377757363,-1.0003815570250576,-0.7825095250620049,-0.9310280547182372,3.8461538461538463
76,Chan Hyeok Park 박찬혁,Heroes (KBO),2023-2026,315,23,64.25030372858184,0.060317459660317464,0.25714285699682543,0.08425754140634921,1.0992063463492063,-1.088628481173372,-0.9074128224410317,0.8442012653881144,-0.5562197731575698,-1.4094475104746818,-0.9939927060640458,2.564102564102564
77,Hyeong Woo Cho 조형우,Landers (KBO),2023-2026,638,24,59.1295541847913,0.061128525990595615,0.2021943565783699,0.09046600188871473,1.619019990068574,-1.6385152913261767,-1.1530466659849488,0.052003376960328855,-0.6064368957291825,-1.567306019444024,-1.0898087188694325,1.282051282051282
78,Gun Hee Kim 김건희,Heroes (KBO),2024-2026,894,21,76.54425064469348,0.06263982044071588,0.288590603606264,0.1283395597527964,1.8102553479054544,-0.9767572013552237,-1.1938137695102706,1.8605183130076057,0.10966483498392764,-1.6032176570625623,-1.2735747517209717,0.0
