Name,Team,Age,G,AB,PA,H,1B,2B,3B,HR,R,RBI,BB,IBB,SO,HBP,SF,SH,GDP,SB,CS,AVG,NameASCII,PlayerId,MLBAMID
"Aaron Altherr 알테어","Dinos (KBO)","—",143,492,565,134,81,19,2,32,83,84,57,2,156,11,5,0,6,20,5,0.272357723,"Aaron Altherr","11270",
"Dixon Machado 마차도","Giants (KBO)","—",134,466,539,130,103,21,1,5,83,58,58,1,65,4,7,4,9,8,5,0.278969957,"Dixon Machado","11472",
"Henry Ramos 라모스","- - -","—",98,383,428,113,76,20,4,13,53,59,31,1,78,5,7,2,7,5,3,0.295039164,"Henry Ramos","11481",
"Sócrates Brito 소크라테스","- - -","—",409,1613,1764,487,321,90,13,63,266,270,127,12,252,7,17,0,31,40,17,0.301921884,"Socrates Brito","12944",
"Patrick Wisdom 위즈덤","Tigers (KBO)","—",119,424,486,100,44,20,1,35,73,85,52,2,142,4,6,0,9,3,0,0.235849056,"Patrick Wisdom","13602",
"Preston Tucker 터커","Tigers (KBO)","—",127,468,539,111,77,24,1,9,42,59,61,1,66,8,2,0,12,0,0,0.237179487,"Preston Tucker","13633",
"Yasiel Puig 푸이그","- - -","—",166,629,719,164,105,32,0,27,82,93,70,1,138,16,4,0,7,6,3,0.260731319,"Yasiel Puig","14225",
"Anthony Alford 알포드","- - -","—",213,774,870,223,140,50,4,29,131,120,80,4,230,9,7,0,9,22,4,0.288113695,"Anthony Alford","14329",
"Jake Cave 케이브","Bears (KBO)","—",136,538,593,161,111,28,6,16,72,87,43,1,116,4,8,0,7,17,1,0.299256505,"Jake Cave","14477",
"Victor Reyes 레이예스","- - -","—",348,1385,1542,469,330,98,4,37,190,258,129,24,180,6,22,0,43,13,2,0.338628158,"Victor Reyes","15487",
"Jason Martin 마틴","Dinos (KBO)","—",118,435,503,123,84,20,2,17,55,90,57,2,107,1,10,0,8,15,3,0.28275862,"Jason Martin","16429",
"Luis Liberato 리베라토","Eagles (KBO)","—",124,492,546,154,94,36,4,20,82,78,46,0,94,0,8,0,6,2,0,0.31300813,"Luis Liberato","17307",
"Sam Hilliard 힐리어드","Wiz (KBO)","—",61,242,273,67,40,11,3,13,47,48,27,0,79,0,4,0,2,6,2,0.276859504,"Sam Hilliard","17954",
"Austin Dean 오스틴","- - -","—",455,1713,1960,547,334,97,11,105,317,377,202,17,258,12,33,0,35,23,12,0.319322825,"Austin Dean","18288",
"Daz Cameron 카메론","Bears (KBO)","—",62,233,263,69,43,14,3,9,35,37,26,0,45,3,1,0,7,8,0,0.296137339,"Daz Cameron","18353",
"Lewin Díaz 디아즈","- - -","—",233,899,1017,271,156,47,0,68,140,223,96,11,169,8,14,0,25,2,0,0.301446051,"Lewin Diaz","18365",
"ByungHo Park 박병호","- - -","—",572,1815,2095,453,275,67,0,111,251,364,207,8,577,48,25,0,43,11,3,0.249586776,"ByungHo Park","18497",
"Hyun Soo Kim 김현수","- - -","—",751,2765,3168,803,581,144,7,71,358,493,346,18,335,22,32,2,51,16,5,0.290415913,"Hyun Soo Kim","18718",
"Guillermo Heredia 에레디아","- - -","—",415,1632,1797,540,397,86,1,56,232,298,115,12,257,33,16,1,40,18,16,0.330882352,"Guillermo Heredia","18721",
"Dae-Ho Lee 이대호","- - -","—",256,960,1056,299,223,34,0,42,92,182,77,10,106,7,12,0,38,0,0,0.311458333,"Dae-Ho Lee","18722",
"José Miguel Fernández 페르난데스","- - -","—",280,1048,1167,327,254,52,0,21,125,158,100,3,80,8,11,0,59,0,2,0.3120229,"Jose Miguel Fernandez","19254",
"Jose Rojas 로하스","Bears (KBO)","—",122,403,464,102,55,24,4,19,52,65,55,2,68,3,3,0,5,0,1,0.253101736,"Jose Rojas","19331",
"Jae-Gyun Hwang 황재균","- - -","—",617,2260,2509,622,461,108,7,46,305,275,213,8,435,13,11,12,61,28,16,0.275221238,"Jae-Gyun Hwang","19369",
"Zach Reks 렉스","- - -","—",111,421,485,122,93,14,3,12,52,64,54,4,98,6,4,0,7,3,1,0.289786223,"Zach Reks","19667",
"Ronnie Dawson 도슨","- - -","—",152,611,690,203,140,45,4,14,106,86,57,0,95,15,7,0,13,11,4,0.332242225,"Ronnie Dawson","19710",
"Shin-Soo Choo 추신수","- - -","—",439,1505,1843,395,266,70,5,54,266,205,276,6,370,42,16,4,24,51,18,0.262458471,"Shin-Soo Choo","3174",
"Jung Hoo Lee 이정후","- - -","—",351,1347,1558,465,310,101,18,36,213,242,177,20,92,17,17,0,19,21,6,0.345211581,"Jung Hoo Lee","33824",
"Hyeseong Kim 김혜성","- - -","—",536,2136,2385,685,547,93,20,25,374,246,216,11,318,8,25,0,29,135,20,0.320692883,"Hyeseong Kim","35322",
"Sung-Mun Song 송성문","- - -","—",598,2281,2561,658,460,113,16,69,331,366,241,18,323,6,26,7,30,47,3,0.288469969,"Sung-Mun Song","37122",
"José Pirela 피렐라","- - -","—",421,1674,1860,509,343,86,7,73,270,286,155,19,239,24,7,0,48,31,15,0.304062126,"Jose Pirela","5485",
"Jamie Romak 로맥","Landers (KBO)","—",107,355,421,80,49,11,0,20,55,52,59,1,83,4,3,0,9,1,0,0.225352112,"Jamie Romak","5552",
"Matt Davidson 데이비슨","- - -","—",293,1070,1208,315,171,53,2,89,173,246,76,6,305,39,23,0,26,2,1,0.294392523,"Matt Davidson","7226",
"Hun Gon Kim 김헌곤","- - -","—",444,1067,1181,273,222,31,4,16,127,96,79,0,161,13,11,11,30,15,10,0.255857544,"Hun Gon Kim","sa3011906",
"Bon Ki Shin 신본기","- - -","—",294,471,571,108,86,16,0,6,60,53,62,0,109,11,8,19,17,3,4,0.229299363,"Bon Ki Shin","sa3011910",
"Byeong-woo Jeon 전병우","- - -","—",441,829,997,177,117,38,0,22,112,113,116,1,298,30,7,15,14,6,3,0.213510253,"Byeong-woo Jeon","sa3011926",
"Yongkyu Lee 이용규","- - -","—",342,1100,1315,289,246,28,13,2,174,87,169,2,151,22,11,13,18,35,7,0.262727272,"Yongkyu Lee","sa3012015",
"Jaeho Kim 김재호","- - -","—",340,807,971,200,161,33,0,6,101,85,106,2,114,13,10,35,27,5,2,0.247831474,"Jaeho Kim","sa3012016",
"Minho Kang 강민호","- - -","—",690,2190,2476,613,419,109,3,82,247,382,226,18,334,29,28,3,91,11,5,0.279908675,"Minho Kang","sa3012023",
"Jeong Choi 최정","- - -","—",656,2307,2781,642,353,121,4,164,443,484,342,23,537,91,39,2,50,36,14,0.278283485,"Jeong Choi","sa3012034",
"Euiji Yang 양의지","- - -","—",708,2428,2828,749,505,128,4,112,331,486,298,30,313,63,39,0,76,18,5,0.308484349,"Euiji Yang","sa3012037",
"Ah-seop Son 손아섭","- - -","—",642,2447,2720,738,572,133,12,21,351,283,231,9,354,9,21,12,39,39,18,0.301593788,"Ah-seop Son","sa3012050",
"Taegun Kim 김태군","- - -","—",554,1296,1484,335,261,49,2,23,117,162,87,2,150,43,15,43,64,3,2,0.258487654,"Taegun Kim","sa3012057",
"Geonchang Seo 서건창","- - -","—",396,1176,1377,300,225,58,7,10,193,116,152,3,188,21,11,17,30,27,11,0.25510204,"Geonchang Seo","sa3012058",
"Junwoo Jeon 전준우","- - -","—",674,2517,2834,772,548,155,7,62,360,402,246,7,390,29,37,5,60,25,11,0.306714342,"Junwoo Jeon","sa3012061",
"Kyoung-min Hur 허경민","- - -","—",648,2267,2562,651,495,120,2,34,302,292,192,8,170,68,26,9,64,34,16,0.287163652,"Kyoung-min Hur","sa3012064",
"Sang-soo Kim 김상수","- - -","—",617,2022,2344,528,421,83,7,17,256,240,246,1,306,21,18,37,55,17,15,0.261127596,"Sang-soo Kim","sa3012065",
"Hoon Jung 정훈","- - -","—",492,1451,1659,386,271,80,1,34,194,200,171,10,297,8,15,14,23,16,3,0.266023432,"Hoon Jung","sa3012191",
"Tae-gon Oh 오태곤","- - -","—",669,1367,1541,333,221,67,2,43,231,174,119,3,368,19,13,23,25,98,23,0.243599122,"Tae-gon Oh","sa3012193",
"Kang-nam Yoo 유강남","- - -","—",595,1702,1922,431,318,71,0,42,192,227,135,3,353,54,15,16,49,3,2,0.253231492,"Kang-nam Yoo","sa3012221",
"Jong-wook Ko 고종욱","- - -","—",355,722,782,203,158,33,1,11,89,95,49,1,137,1,8,2,16,8,6,0.281163434,"Jong-wook Ko","sa3012243",
"Ji-hyuk Ryu 류지혁","- - -","—",638,2033,2368,561,467,73,7,14,280,229,235,3,380,42,17,41,46,68,18,0.275946876,"Ji-hyuk Ryu","sa3012288",
"Sei-hyok Park 박세혁","- - -","—",467,1104,1263,250,187,47,4,12,128,123,108,1,237,19,10,22,19,12,5,0.226449275,"Sei-hyok Park","sa3012290",
"Jae-hyun Kim 김재현","- - -","—",280,554,613,123,95,27,0,1,45,48,20,0,134,15,5,19,14,2,2,0.22202166,"Jae-hyun Kim","sa3012294",
"Ja-wook Koo 구자욱","- - -","—",672,2585,2938,826,528,182,19,97,466,447,280,20,454,32,34,7,36,67,15,0.319535783,"Ja-wook Koo","sa3012300",
"Hae-min Park 박해민","- - -","—",764,2631,3068,739,597,98,19,25,436,288,290,2,468,40,33,74,24,194,66,0.280881793,"Hae-min Park","sa3012304",
"Jun-tae Kim 김준태","- - -","—",250,500,587,119,80,27,1,11,62,68,76,1,155,2,5,4,10,3,0,0.238,"Jun-tae Kim","sa3012310",
"Ju-suk Ha 하주석","- - -","—",474,1496,1656,404,307,71,6,20,193,173,111,2,391,22,7,20,25,46,16,0.270053475,"Ju-suk Ha","sa3012320",
"Seung-wook Park 박승욱","- - -","—",471,1065,1219,275,207,53,6,9,147,120,107,3,331,15,4,28,13,30,12,0.258215962,"Seung-wook Park","sa3012327",
"Min-sik Kim 김민식","- - -","—",385,872,1039,188,144,31,2,11,98,98,120,3,189,8,8,31,14,0,0,0.21559633,"Min-sik Kim","sa3012328",
"Yoo-seom Han 한유섬","- - -","—",674,2247,2602,584,362,120,4,98,284,411,270,18,606,56,24,5,36,6,3,0.259902091,"Yoo-seom Han","sa3012336",
"Min-woo Park 박민우","- - -","—",574,2086,2413,628,474,111,21,22,345,255,234,19,307,53,17,23,39,139,33,0.30105465,"Min-woo Park","sa3012337",
"Jin-sung Kang 강진성","- - -","—",243,657,744,156,116,28,1,11,71,66,58,3,114,19,3,7,19,13,2,0.237442922,"Jin-sung Kang","sa3012344",
"Jin-hyuk No 노진혁","- - -","—",477,1383,1595,366,241,88,3,34,167,217,167,5,370,14,17,14,21,10,2,0.264642082,"Jin-hyuk No","sa3012348",
"Seong-uk Kim 김성욱","- - -","—",313,714,816,153,100,25,2,26,105,95,65,0,192,23,7,7,16,18,7,0.214285714,"Seong-uk Kim","sa3012349",
"Sung-bum Na 나성범","- - -","—",588,2189,2492,657,412,127,5,113,353,401,236,10,569,43,23,0,28,7,2,0.300137048,"Sung-bum Na","sa3012352",
"Seung-ho Kang 강승호","- - -","—",675,2162,2383,557,368,117,19,53,298,287,140,7,596,37,21,23,47,68,21,0.257631822,"Seung-ho Kang","sa3012361",
"Seung-hyun Jang 장승현","- - -","—",266,448,522,89,68,16,0,5,37,45,34,0,123,21,2,17,9,2,1,0.198660714,"Seung-hyun Jang","sa3012365",
"In-tae Kim 김인태","- - -","—",408,907,1094,221,163,37,2,19,108,114,160,1,213,15,6,6,21,3,4,0.243660418,"In-tae Kim","sa3012367",
"Woo-sung Lee 이우성","- - -","—",545,1464,1642,423,315,81,2,25,179,187,143,4,305,12,10,13,51,23,8,0.288934426,"Woo-sung Lee","sa3012368",
"Woon-ho Jang 장운호","- - -","—",162,416,495,98,84,13,0,1,49,44,55,1,103,10,5,9,9,3,7,0.235576923,"Woon-ho Jang","sa3012393",
"Soo-kwang Ro 노수광","- - -","—",199,552,635,126,83,30,6,7,60,48,62,1,180,2,5,14,5,31,8,0.228260869,"Soo-kwang Ro","sa3012395",
"Seung-taek Han 한승택","- - -","—",278,537,641,105,84,16,0,5,54,46,69,0,159,11,1,23,11,0,0,0.195530726,"Seung-taek Han","sa3012396",
"Jun-wan Kim 김준완","- - -","—",200,518,637,104,83,17,3,1,71,43,92,0,128,9,6,12,6,1,1,0.2007722,"Jun-wan Kim","sa3012408",
"Hui-dong Kwon 권희동","- - -","—",517,1516,1864,406,290,73,2,41,222,237,272,3,276,41,17,18,32,17,7,0.267810026,"Hui-dong Kwon","sa3012415",
"Min-hyuck Kim 김민혁","- - -","—",582,1831,2068,564,480,66,12,6,257,174,165,4,247,18,12,42,42,39,22,0.308028399,"Min-hyuck Kim","sa3012419",
"Woo-jun Shim 심우준","- - -","—",471,1374,1570,349,279,47,5,18,224,154,134,0,253,13,11,36,20,69,11,0.254002911,"Woo-jun Shim","sa3012420",
"Sang-chul Moon 문상철","- - -","—",397,969,1100,237,155,46,1,35,121,144,97,3,261,17,12,5,18,13,3,0.244582043,"Sang-chul Moon","sa3012421",
"Joong-yeol Ahn 안중열","- - -","—",239,474,565,97,67,18,0,12,57,51,68,0,124,9,5,9,12,1,1,0.20464135,"Joong-yeol Ahn","sa3012428",
"Jun-won Jang 장준원","- - -","—",238,348,399,67,51,8,1,7,30,38,32,0,88,1,2,16,12,4,0,0.192528735,"Jun-won Jang","sa3012436",
"Suk-hwan Yang 양석환","- - -","—",621,2300,2561,592,370,108,2,112,317,380,196,11,609,34,30,1,41,13,6,0.257391304,"Suk-hwan Yang","sa3012438",
"Jung-dae Bae 배정대","- - -","—",644,2046,2358,527,390,102,6,29,283,256,229,4,535,31,24,28,22,67,24,0.257575757,"Jung-dae Bae","sa3012441",
"Ji-yeol Im 임지열","- - -","—",275,841,959,200,149,30,2,19,106,108,95,0,261,8,7,8,23,16,8,0.237812128,"Ji-yeol Im","sa3012449",
"Byeong-wuk Lim 임병욱","- - -","—",213,561,603,140,92,28,4,16,73,76,28,0,183,5,6,3,4,8,0,0.249554367,"Byeong-wuk Lim","sa3012450",
"Gye-beom Park 박계범","- - -","—",411,857,998,210,160,36,3,11,117,104,92,2,216,15,9,25,20,14,9,0.24504084,"Gye-beom Park","sa3012458",
"Yoon-suk Oh 오윤석","- - -","—",485,1077,1252,275,190,61,4,20,149,128,113,3,265,24,10,28,36,9,5,0.255338904,"Yoon-suk Oh","sa3012464",
"Chang-jin Lee 이창진","- - -","—",461,1125,1343,287,221,46,4,16,173,137,172,1,220,9,14,23,30,21,12,0.255111111,"Chang-jin Lee","sa3012466",
"Han-wool Kang 강한울","- - -","—",308,683,776,179,151,24,3,1,87,64,69,1,166,0,8,16,11,7,7,0.262079062,"Han-wool Kang","sa3012471",
"Chan-ho Park 박찬호","- - -","—",721,2625,3000,739,594,110,14,21,409,283,292,2,348,9,31,43,56,142,42,0.281523809,"Chan-ho Park","sa3012474",
"Si-wan Ji 지시완","- - -","—",154,348,396,78,52,16,0,10,39,43,34,1,114,7,1,6,12,0,0,0.224137931,"Si-wan Ji","sa3012477",
"Yong-ho Cho 조용호","- - -","—",393,1215,1399,324,277,39,5,3,160,112,160,3,209,6,8,10,19,26,13,0.266666666,"Yong-ho Cho","sa3012491",
"Tae-jin Kim 김태진","- - -","—",431,1312,1418,337,281,39,11,6,152,107,73,3,200,2,12,19,19,10,8,0.256859756,"Tae-jin Kim","sa3012499",
"Jae-seong Kim 김재성","- - -","—",231,408,479,94,70,18,1,5,35,41,51,1,112,10,5,5,11,1,1,0.230392156,"Jae-seong Kim","sa3012516",
"Min-jae Shin 신민재","- - -","—",490,1341,1588,385,336,33,15,1,242,142,185,1,174,10,11,41,22,95,40,0.287099179,"Min-jae Shin","sa3012520",
"Dae-in Hwang 황대인","- - -","—",296,992,1095,238,158,46,1,33,93,173,75,4,219,13,14,1,34,0,0,0.239919354,"Dae-in Hwang","sa3012545",
"Ho-ryung Kim 김호령","- - -","—",422,923,1054,231,155,51,5,20,145,103,89,1,289,16,4,22,14,28,9,0.250270855,"Ho-ryung Kim","sa3012550",
"Do-yun Lee 이도윤","- - -","—",540,1221,1353,308,244,50,10,4,156,123,75,3,234,11,7,39,19,22,11,0.252252252,"Do-yun Lee","sa3012554",
"Woong-bin Kim 김웅빈","- - -","—",217,545,644,119,85,22,2,10,53,65,72,3,175,16,4,7,7,1,2,0.218348623,"Woong-bin Kim","sa3012561",
"Chang-ki Hong 홍창기","- - -","—",647,2371,2906,741,610,107,12,12,449,273,418,10,439,81,23,13,40,76,45,0.31252636,"Chang-ki Hong","sa3012570",
"Ki-yeon Kim 김기연","- - -","—",257,551,618,138,111,20,0,7,58,64,47,0,109,4,6,10,15,2,2,0.25045372,"Ki-yeon Kim","sa3012571",
"Soo-haeng Jo 조수행","- - -","—",641,905,1055,228,202,18,5,3,208,79,102,1,182,9,7,32,11,170,33,0.251933701,"Soo-haeng Jo","sa3012578",
"Sung-gyu Lee 이성규","- - -","—",324,609,722,131,74,25,3,29,107,97,65,0,217,30,7,11,13,15,7,0.215106732,"Sung-gyu Lee","sa3012587",
"Won-jun Choi 최원준","- - -","—",532,1925,2188,557,430,86,16,25,308,204,197,0,284,29,16,21,24,115,39,0.289350649,"Won-jun Choi","sa3012595",
"Jin-young Lee 이진영","- - -","—",398,1100,1257,264,171,57,2,34,171,154,128,0,381,11,14,4,20,11,7,0.24,"Jin-young Lee","sa3012598",
"Tae-yean Kim 김태연","- - -","—",561,1688,1949,463,338,90,2,33,225,208,192,2,387,26,18,25,37,24,13,0.274289099,"Tae-yean Kim","sa3012603",
"Jin-hyuk Jang 장진혁","- - -","—",304,711,799,168,125,26,2,15,112,92,69,0,190,3,6,10,12,22,13,0.236286919,"Jin-hyuk Jang","sa3012604",
"In-hwan Kim 김인환","- - -","—",286,879,963,210,153,32,0,25,95,106,70,4,243,7,7,0,14,3,0,0.238907849,"In-hwan Kim","sa3012607",
"Sang-hyeon Ahn 안상현","- - -","—",320,553,623,136,105,19,2,10,89,35,44,0,161,5,2,19,8,31,11,0.245931283,"Sang-hyeon Ahn","sa3012616",
"Jun-young Park 박준영","- - -","—",343,905,1031,197,127,39,7,24,114,105,94,1,289,19,5,8,19,18,5,0.217679558,"Jun-young Park","sa3012619",
"Tae-hun Do 도태훈","- - -","—",486,722,889,152,117,25,1,9,105,75,95,1,143,42,6,24,24,7,2,0.210526315,"Tae-hun Do","sa3012620",
"Yu-chan Lee 이유찬","- - -","—",349,800,916,198,161,28,3,6,117,66,80,0,200,9,7,20,13,44,13,0.2475,"Yu-chan Lee","sa3012635",
"Seong-yoon Kim 김성윤","- - -","—",380,976,1133,297,223,47,16,11,194,120,110,0,140,13,12,22,14,70,15,0.304303278,"Seong-yoon Kim","sa3012644",
"Min-su Kim 김민수","- - -","—",198,413,466,98,75,18,2,3,33,39,36,0,137,8,2,7,9,1,2,0.237288135,"Min-su Kim","sa3012647",
"Jeong-hun Lee 이정훈","- - -","—",270,558,644,154,122,25,0,7,64,73,70,1,139,10,5,1,12,1,2,0.275985663,"Jeong-hun Lee","sa3012655",
"Seong-han Park 박성한","- - -","—",728,2526,2938,743,573,127,8,35,371,293,354,7,416,10,18,30,33,51,25,0.294140934,"Seong-han Park","sa3012661",
"Baek-ho Kang 강백호","- - -","—",571,2084,2396,617,408,123,3,83,299,389,288,24,426,7,16,1,33,21,12,0.296065259,"Baek-ho Kang","sa3012665",
"Sung-ju Moon 문성주","- - -","—",534,1733,2028,523,421,79,11,12,254,240,236,4,195,22,20,17,39,52,31,0.301788805,"Sung-ju Moon","sa3012668",
"Min-jae Jeon 전민재","- - -","—",321,826,915,225,181,31,1,12,106,95,53,1,171,10,8,18,23,19,11,0.272397094,"Min-jae Jeon","sa3012673",
"Jae-hyun Choo 추재현","- - -","—",173,421,477,100,70,22,1,7,57,40,39,0,95,10,0,7,10,6,3,0.237529691,"Jae-hyun Choo","sa3012679",
"Dong-hui Han 한동희","- - -","—",409,1343,1500,361,253,69,0,39,138,178,126,4,253,14,14,3,59,2,3,0.268801191,"Dong-hui Han","sa3012686",
"Won-seok Lee 이원석","- - -","—",409,740,853,156,127,17,5,7,143,68,80,0,200,10,5,18,13,47,13,0.21081081,"Won-seok Lee","sa3012693",
"Eun-won Jung 정은원","- - -","—",428,1455,1746,377,295,57,8,17,212,124,265,2,303,5,7,14,23,36,20,0.259106529,"Eun-won Jung","sa3012695",
"Young-soo Oh 오영수","- - -","—",266,670,764,156,113,24,1,18,69,86,69,1,181,13,7,5,11,6,10,0.23283582,"Young-soo Oh","sa3012702",
"Hyung-jun Kim 김형준","- - -","—",325,936,1082,204,130,28,1,45,116,143,115,0,354,9,9,13,23,3,0,0.217948717,"Hyung-jun Kim","sa3012705",
"Bon-hyeok Gu 구본혁","- - -","—",447,868,1001,232,190,35,4,3,115,97,90,1,123,12,7,24,14,20,9,0.267281105,"Bon-hyeok Gu","sa3012711",
"Seung-kyu Park 박승규","- - -","—",232,468,543,121,86,13,4,18,93,49,57,1,93,9,2,7,9,13,5,0.258547008,"Seung-kyu Park","sa3012721",
"Seung-min Go 고승민","- - -","—",457,1567,1777,445,317,86,13,29,235,207,171,5,301,5,19,15,26,19,13,0.283982131,"Seung-min Go","sa3012726",
"Sun-woo Oh 오선우","- - -","—",189,541,589,137,92,21,1,23,67,68,45,2,201,3,0,0,11,0,2,0.25323475,"Sun-woo Oh","sa3012730",
"Woo-hyuk Byun 변우혁","- - -","—",222,576,632,144,103,23,2,16,62,71,49,1,190,6,1,0,18,1,0,0.25,"Woo-hyuk Byun","sa3012733",
"Si-hwan Roh 노시환","- - -","—",686,2610,3014,716,460,129,7,120,423,472,347,34,644,35,21,1,78,33,11,0.274329501,"Si-hwan Roh","sa3012734",
"Kang-min Kim 김강민","- - -","—",319,615,715,155,113,25,1,16,92,59,74,4,150,13,7,6,6,6,7,0.25203252,"Kang-min Kim","sa3012834",
"Hyoung-woo Choi 최형우","- - -","—",664,2358,2774,665,430,132,6,97,340,445,366,30,459,29,21,0,44,3,1,0.282018659,"Hyoung-woo Choi","sa3012871",
"Kyung-su Park 박경수","- - -","—",332,596,701,105,65,27,0,13,51,56,88,3,195,5,1,11,12,0,1,0.176174496,"Kyung-su Park","sa3012911",
"Jae-il Oh 오재일","- - -","—",467,1503,1731,382,218,95,1,68,185,290,194,17,438,7,27,0,20,4,1,0.254158349,"Jae-il Oh","sa3013047",
"Won-seok Lee 이원석","- - -","—",354,1096,1284,266,198,47,0,21,100,157,143,5,241,21,18,6,30,2,1,0.242700729,"Won-seok Lee","sa3013066",
"Joo-hwan Choi 최주환","- - -","—",655,2269,2555,570,375,115,5,75,246,358,230,15,424,28,24,4,44,2,2,0.251211987,"Joo-hwan Choi","sa3013103",
"Sung-hyun Kim 김성현","- - -","—",482,1105,1291,273,215,45,2,11,136,127,121,1,149,8,11,46,38,15,7,0.247058823,"Sung-hyun Kim","sa3013146",
"Jae-won Lee 이재원","- - -","—",409,808,943,184,148,26,1,9,73,88,77,6,143,18,14,26,38,2,3,0.227722772,"Jae-won Lee","sa3013147",
"Myung-ki Lee 이명기","- - -","—",168,538,623,140,110,26,2,2,68,43,69,0,95,4,2,10,10,12,7,0.260223048,"Myung-ki Lee","sa3013150",
"Do-hwan Hur 허도환","- - -","—",232,334,403,70,49,16,0,5,33,48,22,0,100,20,2,25,12,0,1,0.209580838,"Do-hwan Hur","sa3013160",
"Min-sung Kim 김민성","- - -","—",471,1083,1268,247,166,56,0,25,119,147,125,3,229,25,10,25,27,5,7,0.228070175,"Min-sung Kim","sa3013175",
"Hyung-jong Lee 이형종","- - -","—",324,888,1055,194,124,47,1,22,109,116,126,4,238,27,5,9,28,7,0,0.218468468,"Hyung-jong Lee","sa3013195",
"Jae-hwan Kim 김재환","- - -","—",689,2326,2745,581,361,105,5,110,331,390,370,17,691,26,23,0,36,17,8,0.249785038,"Jae-hwan Kim","sa3013200",
"Jae-hoon Choi 최재훈","- - -","—",624,1689,2107,426,337,71,0,18,185,190,257,3,303,100,21,39,58,6,5,0.252220248,"Jae-hoon Choi","sa3013205",
"Sung-woo Jang 장성우","- - -","—",686,2151,2515,548,376,88,0,84,256,357,306,11,450,11,30,17,68,9,4,0.254765225,"Sung-woo Jang","sa3013216",
"Sun-bin Kim 김선빈","- - -","—",649,2322,2639,714,567,125,1,21,252,300,255,3,211,22,13,25,67,25,4,0.30749354,"Sun-bin Kim","sa3013220",
"Sun-jin Oh 오선진","- - -","—",383,700,813,170,141,25,0,4,72,62,63,0,159,14,4,32,17,3,2,0.242857142,"Sun-jin Oh","sa3013231",
"Ji-hwan Oh 오지환","- - -","—",693,2346,2710,612,412,115,12,73,353,362,287,2,531,29,22,26,42,75,32,0.260869565,"Ji-hwan Oh","sa3013245",
"Eun-seong Chae 채은성","- - -","—",657,2393,2710,663,451,117,3,92,303,432,205,19,470,81,28,3,62,13,12,0.277058086,"Eun-seong Chae","sa3013253",
"Kun-woo Park 박건우","- - -","—",638,2229,2558,715,508,138,7,62,337,363,259,12,369,38,30,2,57,38,14,0.320771646,"Kun-woo Park","sa3013255",
"Soo-bin Jung 정수빈","- - -","—",697,2400,2790,651,513,86,29,23,400,222,291,6,334,34,20,45,28,156,51,0.27125,"Soo-bin Jung","sa3013258",
"Dong-won Park 박동원","- - -","—",707,2242,2618,567,345,113,1,108,305,397,292,15,582,28,26,30,56,9,2,0.252899197,"Dong-won Park","sa3013271",
"Ji-young Lee 이지영","- - -","—",556,1520,1658,397,333,46,8,10,155,148,86,4,163,13,8,31,48,17,5,0.26118421,"Ji-young Lee","sa3013276",
"Chi-hong An 안치홍","- - -","—",623,2206,2524,629,459,113,6,51,284,311,245,14,307,26,24,23,58,19,13,0.285131459,"Chi-hong An","sa3013286",
"Bo-keun Jeong 정보근","- - -","—",351,565,644,125,105,12,3,5,32,50,51,1,143,4,2,22,15,1,1,0.221238938,"Bo-keun Jeong","sa3014210",
"Jun-su Han 한준수","- - -","—",318,753,859,206,134,50,1,21,99,99,83,4,145,7,11,5,19,0,0,0.273572377,"Jun-su Han","sa3014211",
"Gweon-su An 안권수","- - -","—",258,549,623,153,134,13,4,2,102,53,59,1,83,2,3,10,10,21,11,0.278688524,"Gweon-su An","sa3014276",
"Ji-chan Kim 김지찬","- - -","—",617,1908,2256,555,488,47,15,5,379,143,247,3,228,28,11,62,17,134,18,0.290880503,"Ji-chan Kim","sa3014279",
"Ji-hoon Choi 최지훈","- - -","—",722,2716,3043,748,554,118,32,44,426,261,239,2,387,27,21,40,28,146,27,0.275405007,"Ji-hoon Choi","sa3014282",
"Jeong-won Choi 최정원","- - -","—",319,617,725,171,148,18,4,1,143,44,61,0,132,27,3,17,3,68,21,0.277147487,"Jeong-won Choi","sa3014290",
"Kyu-sung Kim 김규성","- - -","—",439,537,610,121,95,16,4,6,99,50,51,0,141,3,3,16,5,16,5,0.225325884,"Kyu-sung Kim","sa3014306",
"Sang-kwon Byeon 변상권","- - -","—",161,397,423,98,78,10,5,5,37,45,20,0,93,1,5,0,6,0,0,0.246851385,"Sang-kwon Byeon","sa3014307",
"Suk-hyun Han 한석현","- - -","—",202,388,443,93,71,15,2,5,53,44,28,0,100,11,4,12,8,9,5,0.239690721,"Suk-hyun Han","sa3014319",
"Ho-cheol Seo 서호철","- - -","—",483,1462,1619,390,309,53,7,21,184,155,81,0,267,35,11,30,39,16,12,0.266757865,"Ho-cheol Seo","sa3014321",
"Seong Ho Cheon 천성호","- - -","—",254,612,679,166,129,28,6,3,103,58,49,1,108,10,1,7,13,16,2,0.27124183,"Seong Ho Cheon","sa3014323",
"In Ho Choi 최인호","- - -","—",269,631,732,165,117,33,5,10,86,76,73,0,126,15,6,7,12,7,1,0.261489698,"In Ho Choi","sa3014330",
"Jung Hyun Park 박정현","- - -","—",182,426,462,93,72,14,1,6,48,34,24,0,127,3,1,8,5,7,1,0.218309859,"Jung Hyun Park","sa3014331",
"Myeong Jin Oh 오명진","- - -","—",146,403,458,106,76,18,6,6,49,52,39,2,107,3,5,8,6,5,5,0.263027295,"Myeong Jin Oh","sa3014344",
"Jae-won Lee 이재원","- - -","—",234,548,621,124,76,22,2,24,72,86,49,4,190,19,5,0,6,12,5,0.226277372,"Jae-won Lee","sa3014346",
"Ju Hong Park 박주홍","- - -","—",242,573,666,115,82,22,6,5,68,39,81,1,196,5,4,3,10,18,2,0.20069808,"Ju Hong Park","sa3014359",
"Ho-yeon Lee 이호연","- - -","—",245,553,604,143,112,23,2,6,59,42,34,1,113,8,2,7,18,8,3,0.258589511,"Ho-yeon Lee","sa3014412",
"Ju Hyoung Lee 이주형","- - -","—",348,1243,1415,328,224,63,9,32,184,153,111,5,315,51,3,7,15,30,3,0.263877715,"Ju Hyoung Lee","sa3014742",
"Dong Jin Kwon 권동진","- - -","—",314,454,534,107,75,24,6,2,88,46,65,0,160,3,1,11,8,10,4,0.235682819,"Dong Jin Kwon","sa3014744",
"Jae Seok An 안재석","- - -","—",288,748,826,182,119,45,5,13,99,70,56,2,181,9,8,5,14,11,1,0.243315508,"Jae Seok An","sa3014749",
"Myeong Jun Ko 고명준","- - -","—",258,883,943,239,168,38,1,32,88,121,50,1,209,3,7,0,17,6,4,0.270668176,"Myeong Jun Ko","sa3014774",
"Doo-sung Chang 장두성","- - -","—",366,482,547,119,105,9,5,0,119,42,45,0,133,7,3,10,5,54,11,0.246887966,"Doo-sung Chang","sa3014778",
"Young Bin Lee 이영빈","- - -","—",241,409,454,89,63,16,1,9,66,50,32,0,148,3,5,5,4,8,4,0.217603911,"Young Bin Lee","sa3015000",
"Bo-gyeong Moon 문보경","- - -","—",683,2298,2694,664,453,121,13,77,353,397,328,12,448,10,38,20,54,29,16,0.28894691,"Bo-gyeong Moon","sa3015048",
"Seung Yeup Na 나승엽","- - -","—",314,946,1120,251,168,56,6,21,125,137,149,3,199,9,11,5,18,2,0,0.265327695,"Seung Yeup Na","sa3015054",
"Whee Jip Kim 김휘집","- - -","—",554,1741,2040,423,290,79,4,50,241,235,196,1,453,63,22,18,40,16,7,0.242963813,"Whee Jip Kim","sa3015123",
"Ju Won Kim 김주원","- - -","—",630,2000,2360,518,364,78,16,60,303,260,227,5,508,84,16,33,28,106,27,0.259,"Ju Won Kim","sa3015141",
"Seoung Bin Son 손성빈","- - -","—",259,439,488,95,69,14,2,10,62,51,33,0,100,6,3,7,9,0,0,0.216400911,"Seoung Bin Son","sa3017864",
"Hyeon Joon Kim 김현준","- - -","—",319,983,1110,261,208,39,11,3,144,79,86,0,213,15,6,20,11,13,7,0.265513733,"Hyeon Joon Kim","sa3017998",
"Jae Hyeon Lee 이재현","- - -","—",503,1642,1921,411,277,73,4,57,258,237,201,2,352,28,19,31,32,13,5,0.250304506,"Jae Hyeon Lee","sa3018058",
"Do Yeong Kim 김도영","- - -","—",420,1445,1654,442,270,78,20,74,316,254,170,13,298,16,16,7,36,84,11,0.305882352,"Do Yeong Kim","sa3018059",
"Nicholas Martini 마티니","Dinos (KBO)","—",139,510,576,152,101,34,1,16,67,85,51,5,86,8,7,0,8,13,4,0.298039215,"Nicholas Martini","sa3018063",
"Chan Hyeok Park 박찬혁","- - -","—",123,386,419,85,65,13,0,7,31,28,22,0,129,9,0,2,4,0,0,0.220207253,"Chan Hyeok Park","sa3018071",
"Michael Tauchman 터크먼","Eagles (KBO)","—",144,575,648,166,114,36,4,12,88,43,64,5,104,7,2,0,12,19,11,0.288695652,"Michael Tauchman","sa3018075",
"Chan-ui Song 송찬의","- - -","—",169,369,427,82,48,20,2,12,56,53,33,0,116,20,3,2,10,7,3,0.222222222,"Chan-ui Song","sa3018197",
"Seong Bin Hwang 황성빈","- - -","—",422,1250,1383,354,288,38,22,6,241,84,92,0,209,10,6,25,9,115,33,0.2832,"Seong Bin Hwang","sa3018222",
"Tae Yang Han 한태양","- - -","—",181,385,444,95,72,19,2,2,73,27,46,0,116,5,0,8,4,13,2,0.246753246,"Tae Yang Han","sa3018255",
"Dong Hee Yoon 윤동희","- - -","—",379,1365,1567,383,267,82,6,28,212,188,158,5,279,21,16,7,36,14,17,0.28058608,"Dong Hee Yoon","sa3018265",
"Ui San Jeon 전의산","- - -","—",175,459,512,101,57,24,1,19,53,74,47,3,148,3,3,0,11,1,3,0.220043572,"Ui San Jeon","sa3019044",
"Hyeong Woo Cho 조형우","- - -","—",231,556,617,126,96,21,1,8,53,62,37,0,121,11,5,8,9,0,0,0.226618705,"Hyeong Woo Cho","sa3019473",
"Jae-hwan Chun 천재환","- - -","—",355,724,801,178,126,30,6,16,104,88,42,0,175,15,8,12,16,26,12,0.245856353,"Jae-hwan Chun","sa3019748",
"Young Woong Kim 김영웅","- - -","—",329,1049,1169,252,148,46,5,53,146,167,103,3,347,5,8,4,10,16,4,0.240228789,"Young Woong Kim","sa3020665",
"Min Suk Kim 김민석","- - -","—",321,879,983,218,163,43,5,7,113,86,67,2,233,12,9,16,14,24,6,0.248009101,"Min Suk Kim","sa3020694",
"Hyun Bin Moon 문현빈","- - -","—",439,1444,1633,421,298,82,10,31,188,219,131,5,248,21,21,16,36,28,13,0.291551246,"Hyun Bin Moon","sa3020698",
"Gun Hee Kim 김건희","- - -","—",259,777,848,190,127,44,2,17,66,91,53,1,251,0,9,9,21,2,1,0.244530244,"Gun Hee Kim","sa3020912",
"Young Mook Hwang 황영묵","- - -","—",274,676,757,192,154,28,6,4,102,71,62,0,108,9,2,7,13,7,11,0.284023668,"Young Mook Hwang","sa3023498",
"Jun Jae Jeong 정준재","- - -","—",278,776,908,215,175,25,13,2,128,71,92,0,173,7,4,29,11,60,17,0.277061855,"Jun Jae Jeong","sa3023563",
"Hyun Min Ahn 안현민","- - -","—",142,472,578,156,101,23,6,26,91,93,89,5,98,13,4,0,5,8,1,0.330508474,"Hyun Min Ahn","sa3023680",
"Joon Seo Eo 어준서","- - -","—",128,367,407,87,71,9,1,6,53,28,33,1,85,3,1,3,10,1,0,0.23705722,"Joon Seo Eo","sa3066885",
"Jun Soon Park 박준순","- - -","—",130,437,465,129,96,18,5,10,52,46,19,1,88,4,3,2,10,11,3,0.295194508,"Jun Soon Park","sa3067161",
"Jae-Hoon Ha 하재훈","- - -","—",280,654,721,164,101,35,2,26,99,92,45,1,204,8,10,4,6,28,4,0.250764525,"Jae-Hoon Ha","sa502535",
"Hak-Ju Lee 이학주","- - -","—",304,592,661,128,90,23,3,12,81,52,47,0,190,6,1,15,8,8,8,0.216216216,"Hak-Ju Lee","sa502536",
"Mel Rojas Jr. 로하스","- - -","—",239,903,1054,267,161,59,1,46,156,155,136,12,186,7,8,0,19,3,2,0.295681063,"Mel Rojas Jr.","sa548194",
"Dong-Yub Kim 김동엽","- - -","—",185,490,535,115,80,24,0,11,52,50,30,1,109,7,8,0,12,3,4,0.234693877,"Dong-Yub Kim","sa598813",
"Ho-young Son 손호영","- - -","—",306,953,1056,257,178,45,6,28,147,150,56,2,181,22,12,13,25,17,9,0.269674711,"Ho-young Son","sa830429",
"Yonathan Perlaza 페라자","- - -","—",182,688,800,202,126,38,1,37,129,110,102,9,180,3,5,2,12,14,8,0.293604651,"Yonathan Perlaza","sa917302",