Season,Name,Team,Age,G,AB,PA,H,1B,2B,3B,HR,R,RBI,BB,IBB,SO,HBP,SF,SH,GDP,SB,CS,AVG,NameASCII,PlayerId,MLBAMID
2021,"Aaron Altherr 알테어","Dinos (KBO)",30,143,492,565,134,81,19,2,32,83,84,57,2,156,11,5,0,6,20,5,0.272357723,"Aaron Altherr","11270",
2021,"Dixon Machado 마차도","Giants (KBO)",29,134,466,539,130,103,21,1,5,83,58,58,1,65,4,7,4,9,8,5,0.278969957,"Dixon Machado","11472",
2022,"Sócrates Brito 소크라테스","Tigers (KBO)",29,127,514,554,160,107,29,7,17,83,77,34,4,81,2,4,0,11,12,6,0.311284046,"Socrates Brito","12944",
2023,"Sócrates Brito 소크라테스","Tigers (KBO)",30,142,547,608,156,102,31,3,20,91,96,52,4,80,1,8,0,13,15,6,0.285191956,"Socrates Brito","12944",
2024,"Sócrates Brito 소크라테스","Tigers (KBO)",31,140,552,602,171,112,30,3,26,92,97,41,4,91,4,5,0,7,13,5,0.309782608,"Socrates Brito","12944",
2025,"Patrick Wisdom 위즈덤","Tigers (KBO)",33,119,424,486,100,44,20,1,35,73,85,52,2,142,4,6,0,9,3,0,0.235849056,"Patrick Wisdom","13602",
2021,"Preston Tucker 터커","Tigers (KBO)",30,127,468,539,111,77,24,1,9,42,59,61,1,66,8,2,0,12,0,0,0.237179487,"Preston Tucker","13633",
2022,"Yasiel Puig 푸이그","Heroes (KBO)",31,126,473,547,131,80,30,0,21,65,73,58,1,100,12,4,0,6,6,3,0.276955602,"Yasiel Puig","14225",
2023,"Anthony Alford 알포드","Wiz (KBO)",28,133,491,547,142,93,31,3,15,83,70,47,1,140,6,3,0,6,17,3,0.289205702,"Anthony Alford","14329",
2025,"Jake Cave 케이브","Bears (KBO)",32,136,538,593,161,111,28,6,16,72,87,43,1,116,4,8,0,7,17,1,0.299256505,"Jake Cave","14477",
2024,"Victor Reyes 레이예스","Giants (KBO)",29,144,574,632,202,144,40,3,15,88,111,46,2,82,1,11,0,16,5,0,0.351916376,"Victor Reyes","15487",
2025,"Victor Reyes 레이예스","Giants (KBO)",30,144,573,643,187,129,44,1,13,75,107,58,17,66,3,9,0,25,7,1,0.32635253,"Victor Reyes","15487",
2026,"Victor Reyes 레이예스","Giants (KBO)",31,60,238,267,80,57,14,0,9,27,40,25,5,32,2,2,0,2,1,1,0.336134453,"Victor Reyes","15487",
2023,"Jason Martin 마틴","Dinos (KBO)",27,118,435,503,123,84,20,2,17,55,90,57,2,107,1,10,0,8,15,3,0.28275862,"Jason Martin","16429",
2025,"Luis Liberato 리베라토","Eagles (KBO)",29,124,492,546,154,94,36,4,20,82,78,46,0,94,0,8,0,6,2,0,0.31300813,"Luis Liberato","17307",
2026,"Sam Hilliard 힐리어드","Wiz (KBO)",32,61,242,273,67,40,11,3,13,47,48,27,0,79,0,4,0,2,6,2,0.276859504,"Sam Hilliard","17954",
2023,"Austin Dean 오스틴","Twins (KBO)",29,138,516,579,162,108,27,4,23,86,95,53,2,75,3,7,0,10,7,3,0.313953488,"Austin Dean","18288",
2024,"Austin Dean 오스틴","Twins (KBO)",30,140,527,604,168,101,32,3,32,99,132,61,6,82,3,13,0,9,12,8,0.318785578,"Austin Dean","18288",
2025,"Austin Dean 오스틴","Twins (KBO)",31,116,425,499,133,76,25,1,31,82,95,61,7,62,2,11,0,11,3,0,0.312941176,"Austin Dean","18288",
2026,"Austin Dean 오스틴","Twins (KBO)",32,61,245,278,84,49,13,3,19,50,55,27,2,39,4,2,0,5,1,1,0.342857142,"Austin Dean","18288",
2026,"Daz Cameron 카메론","Bears (KBO)",29,62,233,263,69,43,14,3,9,35,37,26,0,45,3,1,0,7,8,0,0.296137339,"Daz Cameron","18353",
2025,"Lewin Díaz 디아즈","Lions (KBO)",28,144,551,628,173,91,32,0,50,93,158,60,10,100,6,11,0,15,1,0,0.313974591,"Lewin Diaz","18365",
2026,"Lewin Díaz 디아즈","Lions (KBO)",29,60,238,271,67,46,10,0,11,33,46,30,1,44,0,3,0,8,1,0,0.281512605,"Lewin Diaz","18365",
2021,"ByungHo Park 박병호","Heroes (KBO)",34,118,409,477,93,50,23,0,20,48,76,47,3,141,14,7,0,9,0,0,0.227383863,"ByungHo Park","18497",
2022,"ByungHo Park 박병호","Wiz (KBO)",35,124,429,487,118,66,17,0,35,72,98,40,3,131,12,6,0,7,5,3,0.275058275,"ByungHo Park","18497",
2023,"ByungHo Park 박병호","Wiz (KBO)",36,132,431,493,122,89,15,0,18,53,87,46,2,114,8,8,0,9,2,0,0.283062645,"ByungHo Park","18497",
2021,"Hyun Soo Kim 김현수","Twins (KBO)",33,140,506,595,144,103,23,1,17,70,96,77,5,42,3,9,0,7,2,0,0.28458498,"Hyun Soo Kim","18718",
2022,"Hyun Soo Kim 김현수","Twins (KBO)",34,141,524,604,150,100,25,2,23,78,106,71,7,62,5,3,0,5,2,1,0.286259541,"Hyun Soo Kim","18718",
2023,"Hyun Soo Kim 김현수","Twins (KBO)",35,132,484,552,142,112,22,2,6,53,88,58,4,53,1,8,1,10,2,1,0.293388429,"Hyun Soo Kim","18718",
2024,"Hyun Soo Kim 김현수","Twins (KBO)",36,137,517,583,152,106,36,2,8,61,69,47,1,76,9,9,1,10,6,1,0.294003868,"Hyun Soo Kim","18718",
2025,"Hyun Soo Kim 김현수","Twins (KBO)",37,140,483,552,144,108,24,0,12,66,90,64,1,73,4,1,0,10,4,0,0.298136645,"Hyun Soo Kim","18718",
2026,"Hyun Soo Kim 김현수","Wiz (KBO)",38,61,251,282,71,52,14,0,5,30,44,29,0,29,0,2,0,9,0,2,0.282868525,"Hyun Soo Kim","18718",
2023,"Guillermo Heredia 에레디아","Landers (KBO)",32,122,474,524,153,112,29,0,12,76,76,39,4,75,9,1,1,13,12,8,0.32278481,"Guillermo Heredia","18721",
2024,"Guillermo Heredia 에레디아","Landers (KBO)",33,136,541,591,195,142,31,1,21,82,118,28,3,73,13,9,0,12,4,3,0.360443622,"Guillermo Heredia","18721",
2025,"Guillermo Heredia 에레디아","Landers (KBO)",34,96,375,415,127,96,18,0,13,46,54,31,4,62,7,2,0,9,1,2,0.338666666,"Guillermo Heredia","18721",
2026,"Guillermo Heredia 에레디아","Landers (KBO)",35,61,242,267,65,47,8,0,10,28,50,17,1,47,4,4,0,6,1,3,0.268595041,"Guillermo Heredia","18721",
2021,"Dae-Ho Lee 이대호","Giants (KBO)",39,114,420,465,120,90,11,0,19,39,81,34,3,50,5,6,0,12,0,0,0.285714285,"Dae-Ho Lee","18722",
2022,"Dae-Ho Lee 이대호","Giants (KBO)",40,142,540,591,179,133,23,0,23,53,101,43,7,56,2,6,0,26,0,0,0.331481481,"Dae-Ho Lee","18722",
2021,"José Miguel Fernández 페르난데스","Bears (KBO)",33,141,540,617,170,131,24,0,15,73,81,65,3,35,6,6,0,25,0,2,0.314814814,"Jose Miguel Fernandez","19254",
2022,"José Miguel Fernández 페르난데스","Bears (KBO)",34,139,508,550,157,123,28,0,6,52,77,35,0,45,2,5,0,34,0,0,0.309055118,"Jose Miguel Fernandez","19254",
2023,"Jose Rojas 로하스","Bears (KBO)",30,122,403,464,102,55,24,4,19,52,65,55,2,68,3,3,0,5,0,1,0.253101736,"Jose Rojas","19331",
2021,"Jae-Gyun Hwang 황재균","Wiz (KBO)",33,118,456,511,132,104,16,2,10,74,56,47,1,93,3,4,1,11,11,3,0.289473684,"Jae-Gyun Hwang","19369",
2022,"Jae-Gyun Hwang 황재균","Wiz (KBO)",34,141,519,581,136,98,25,3,10,59,64,53,5,99,5,2,2,17,7,3,0.262042389,"Jae-Gyun Hwang","19369",
2023,"Jae-Gyun Hwang 황재균","Wiz (KBO)",35,109,407,457,120,86,26,2,6,62,49,45,1,64,1,1,3,15,3,3,0.294840294,"Jae-Gyun Hwang","19369",
2024,"Jae-Gyun Hwang 황재균","Wiz (KBO)",36,137,493,536,128,93,22,0,13,60,58,34,0,95,2,2,5,16,4,6,0.259634888,"Jae-Gyun Hwang","19369",
2025,"Jae-Gyun Hwang 황재균","Wiz (KBO)",37,112,385,424,106,80,19,0,7,50,48,34,1,84,2,2,1,2,3,1,0.275324675,"Jae-Gyun Hwang","19369",
2024,"Ronnie Dawson 도슨","Heroes (KBO)",29,95,382,429,126,82,31,2,11,69,57,39,0,54,6,2,0,10,2,2,0.329842931,"Ronnie Dawson","19710",
2021,"Shin-Soo Choo 추신수","Landers (KBO)",38,137,461,580,122,80,19,2,21,84,69,103,4,123,12,4,0,8,25,9,0.264642082,"Shin-Soo Choo","3174",
2022,"Shin-Soo Choo 추신수","Landers (KBO)",39,112,409,499,106,69,20,1,16,77,59,71,1,100,13,4,2,6,15,5,0.259168704,"Shin-Soo Choo","3174",
2023,"Shin-Soo Choo 추신수","Landers (KBO)",40,112,382,462,96,66,17,1,12,65,40,65,1,79,13,2,0,8,6,3,0.2513089,"Shin-Soo Choo","3174",
2021,"Jung Hoo Lee 이정후","Heroes (KBO)",22,123,464,544,167,112,42,6,7,78,84,62,1,37,9,9,0,8,10,3,0.359913793,"Jung Hoo Lee","33824",
2022,"Jung Hoo Lee 이정후","Heroes (KBO)",23,142,553,627,193,124,36,10,23,85,113,66,12,32,5,3,0,10,5,0,0.349005424,"Jung Hoo Lee","33824",
2021,"Hyeseong Kim 김혜성","Heroes (KBO)",22,144,559,635,170,144,20,3,3,99,66,65,3,97,1,10,0,8,46,4,0.30411449,"Hyeseong Kim","35322",
2022,"Hyeseong Kim 김혜성","Heroes (KBO)",23,129,516,566,164,135,18,7,4,81,48,47,3,83,0,3,0,9,34,7,0.317829457,"Hyeseong Kim","35322",
2023,"Hyeseong Kim 김혜성","Heroes (KBO)",24,136,552,617,185,143,29,6,7,104,57,57,3,76,3,5,0,6,25,3,0.335144927,"Hyeseong Kim","35322",
2024,"Hyeseong Kim 김혜성","Heroes (KBO)",25,127,509,567,166,125,26,4,11,90,75,47,2,62,4,7,0,6,30,6,0.326129666,"Hyeseong Kim","35322",
2022,"Sung-Mun Song 송성문","Heroes (KBO)",25,142,547,601,135,97,21,4,13,67,79,45,6,65,1,7,1,8,0,1,0.246800731,"Sung-Mun Song","37122",
2023,"Sung-Mun Song 송성문","Heroes (KBO)",26,104,388,438,102,78,16,3,5,43,60,39,5,38,0,7,4,9,1,0,0.262886597,"Sung-Mun Song","37122",
2024,"Sung-Mun Song 송성문","Heroes (KBO)",27,142,527,602,179,127,29,4,19,88,104,64,2,82,3,8,0,5,21,0,0.339658444,"Sung-Mun Song","37122",
2025,"Sung-Mun Song 송성문","Heroes (KBO)",28,144,574,646,181,114,37,4,26,103,90,68,5,96,1,3,0,6,25,2,0.31533101,"Sung-Mun Song","37122",
2021,"José Pirela 피렐라","Lions (KBO)",31,141,556,625,158,102,25,2,29,102,97,58,2,89,8,3,0,8,10,6,0.284172661,"Jose Pirela","5485",
2022,"José Pirela 피렐라","Lions (KBO)",32,141,561,630,192,127,33,4,28,102,109,55,12,81,12,2,0,20,15,5,0.342245989,"Jose Pirela","5485",
2023,"José Pirela 피렐라","Lions (KBO)",33,139,557,605,159,114,28,1,16,66,80,42,5,69,4,2,0,20,6,4,0.285457809,"Jose Pirela","5485",
2021,"Jamie Romak 로맥","Landers (KBO)",35,107,355,421,80,49,11,0,20,55,52,59,1,83,4,3,0,9,1,0,0.225352112,"Jamie Romak","5552",
2024,"Matt Davidson 데이비슨","Dinos (KBO)",33,131,504,567,154,82,25,1,46,90,119,39,5,142,17,7,0,12,0,1,0.305555555,"Matt Davidson","7226",
2025,"Matt Davidson 데이비슨","Dinos (KBO)",34,112,386,439,113,59,18,0,36,63,97,31,1,118,8,14,0,10,1,0,0.292746113,"Matt Davidson","7226",
2026,"Matt Davidson 데이비슨","Dinos (KBO)",35,50,180,202,48,30,10,1,7,20,30,6,0,45,14,2,0,4,1,0,0.266666666,"Matt Davidson","7226",
2026,"Byeong-woo Jeon 전병우","Lions (KBO)",33,53,168,205,42,25,13,0,4,29,28,23,1,50,11,3,0,3,2,1,0.25,"Byeong-woo Jeon","sa3011926",
2021,"Yongkyu Lee 이용규","Heroes (KBO)",35,133,459,547,136,111,16,8,1,88,43,71,2,46,5,6,6,5,17,2,0.296296296,"Yongkyu Lee","sa3012015",
2021,"Minho Kang 강민호","Lions (KBO)",35,124,409,465,118,78,22,0,18,55,67,45,4,54,4,7,0,18,0,0,0.288508557,"Minho Kang","sa3012023",
2022,"Minho Kang 강민호","Lions (KBO)",36,130,396,444,102,69,19,1,13,38,66,41,4,58,3,3,1,21,0,0,0.257575757,"Minho Kang","sa3012023",
2023,"Minho Kang 강민호","Lions (KBO)",37,125,434,495,126,91,19,0,16,60,77,49,4,65,6,5,1,17,6,1,0.29032258,"Minho Kang","sa3012023",
2024,"Minho Kang 강민호","Lions (KBO)",38,136,403,452,122,83,19,1,19,48,77,35,2,52,8,6,0,17,3,0,0.302729528,"Minho Kang","sa3012023",
2025,"Minho Kang 강민호","Lions (KBO)",39,127,412,465,111,75,23,1,12,37,71,38,4,69,7,7,1,16,2,2,0.269417475,"Minho Kang","sa3012023",
2021,"Jeong Choi 최정","Landers (KBO)",34,134,436,555,121,68,17,1,35,92,100,84,3,102,22,12,1,9,8,4,0.277522935,"Jeong Choi","sa3012034",
2022,"Jeong Choi 최정","Landers (KBO)",35,121,414,505,110,63,21,0,26,80,87,66,3,96,19,6,0,6,12,5,0.265700483,"Jeong Choi","sa3012034",
2023,"Jeong Choi 최정","Landers (KBO)",36,128,471,552,140,80,31,0,29,94,87,59,6,87,15,6,1,12,7,3,0.297239915,"Jeong Choi","sa3012034",
2024,"Jeong Choi 최정","Landers (KBO)",37,129,468,550,136,70,27,2,37,93,107,55,1,114,20,7,0,10,5,1,0.29059829,"Jeong Choi","sa3012034",
2025,"Jeong Choi 최정","Landers (KBO)",38,95,340,406,83,48,12,0,23,54,63,51,6,94,12,3,0,10,1,0,0.244117647,"Jeong Choi","sa3012034",
2026,"Jeong Choi 최정","Landers (KBO)",39,49,178,213,52,24,13,1,14,30,40,27,4,44,3,5,0,3,3,1,0.292134831,"Jeong Choi","sa3012034",
2023,"Euiji Yang 양의지","Bears (KBO)",36,129,439,510,134,94,23,0,17,56,68,57,8,56,11,3,0,20,7,0,0.305239179,"Euiji Yang","sa3012037",
2024,"Euiji Yang 양의지","Bears (KBO)",37,119,430,485,135,99,18,1,17,57,94,40,5,56,9,6,0,13,2,1,0.313953488,"Euiji Yang","sa3012037",
2025,"Euiji Yang 양의지","Bears (KBO)",38,130,454,517,153,105,27,1,20,56,89,50,6,63,7,6,0,10,4,2,0.337004405,"Euiji Yang","sa3012037",
2026,"Euiji Yang 양의지","Bears (KBO)",39,59,198,236,50,35,7,0,8,20,30,22,0,30,12,4,0,5,0,0,0.252525252,"Euiji Yang","sa3012037",
2021,"Euiji Yang 양의지","Dinos (KBO)",34,141,480,570,156,95,29,2,30,81,111,69,5,60,11,10,0,12,2,1,0.325,"Euiji Yang","sa3012037",
2022,"Euiji Yang 양의지","Dinos (KBO)",35,130,427,510,121,77,24,0,20,61,94,60,6,48,13,10,0,16,3,1,0.283372365,"Euiji Yang","sa3012037",
2021,"Ah-seop Son 손아섭","Giants (KBO)",33,139,542,610,173,139,29,2,3,88,58,61,3,67,3,1,3,15,12,6,0.319188191,"Ah-seop Son","sa3012050",
2022,"Ah-seop Son 손아섭","Dinos (KBO)",34,138,548,617,152,115,29,4,4,72,48,59,2,76,3,6,1,9,7,3,0.277372262,"Ah-seop Son","sa3012050",
2023,"Ah-seop Son 손아섭","Dinos (KBO)",35,140,550,609,186,143,35,3,5,97,65,50,2,67,2,5,2,10,14,3,0.338181818,"Ah-seop Son","sa3012050",
2021,"Junwoo Jeon 전준우","Giants (KBO)",35,144,552,619,192,139,46,0,7,88,92,53,0,71,5,8,1,10,6,3,0.347826086,"Junwoo Jeon","sa3012061",
2022,"Junwoo Jeon 전준우","Giants (KBO)",36,120,470,517,143,100,31,1,11,73,68,35,1,73,3,9,0,14,6,3,0.304255319,"Junwoo Jeon","sa3012061",
2023,"Junwoo Jeon 전준우","Giants (KBO)",37,138,493,559,154,113,21,3,17,80,77,52,4,65,7,7,0,12,8,2,0.312373225,"Junwoo Jeon","sa3012061",
2024,"Junwoo Jeon 전준우","Giants (KBO)",38,109,423,483,124,79,26,2,17,57,82,49,0,84,5,5,1,11,3,1,0.293144208,"Junwoo Jeon","sa3012061",
2025,"Junwoo Jeon 전준우","Giants (KBO)",39,114,410,472,120,85,26,1,8,50,70,44,2,71,9,6,3,9,2,1,0.292682926,"Junwoo Jeon","sa3012061",
2026,"Junwoo Jeon 전준우","Giants (KBO)",40,49,169,184,39,32,5,0,2,12,13,13,0,26,0,2,0,4,0,1,0.23076923,"Junwoo Jeon","sa3012061",
2021,"Kyoung-min Hur 허경민","Bears (KBO)",30,136,468,518,130,100,24,1,5,61,59,36,1,35,8,3,3,21,5,6,0.277777777,"Kyoung-min Hur","sa3012064",
2022,"Kyoung-min Hur 허경민","Bears (KBO)",31,121,432,493,125,94,23,0,8,59,60,36,3,40,16,7,2,11,10,3,0.289351851,"Kyoung-min Hur","sa3012064",
2023,"Kyoung-min Hur 허경민","Bears (KBO)",32,130,429,475,114,84,22,1,7,44,48,35,3,26,6,5,0,6,9,3,0.265734265,"Kyoung-min Hur","sa3012064",
2024,"Kyoung-min Hur 허경민","Bears (KBO)",33,115,417,477,129,94,28,0,7,69,61,36,0,25,18,6,0,8,5,1,0.309352517,"Kyoung-min Hur","sa3012064",
2025,"Kyoung-min Hur 허경민","Wiz (KBO)",34,114,420,481,119,97,18,0,4,47,44,39,1,35,15,4,3,14,4,1,0.283333333,"Kyoung-min Hur","sa3012064",
2021,"Sang-soo Kim 김상수","Lions (KBO)",31,132,429,496,101,80,17,1,3,46,42,52,0,51,3,4,8,14,4,2,0.235431235,"Sang-soo Kim","sa3012065",
2023,"Sang-soo Kim 김상수","Wiz (KBO)",33,129,443,512,120,97,19,1,3,58,56,55,0,68,3,3,8,9,5,6,0.270880361,"Sang-soo Kim","sa3012065",
2024,"Sang-soo Kim 김상수","Wiz (KBO)",34,113,369,420,102,76,18,4,4,60,45,37,0,59,6,1,7,12,3,2,0.276422764,"Sang-soo Kim","sa3012065",
2025,"Sang-soo Kim 김상수","Wiz (KBO)",35,113,355,423,90,71,14,0,5,42,47,52,1,57,4,7,5,8,3,1,0.253521126,"Sang-soo Kim","sa3012065",
2026,"Sang-soo Kim 김상수","Wiz (KBO)",36,58,191,233,56,51,4,1,0,20,21,32,0,27,4,1,5,6,0,3,0.293193717,"Sang-soo Kim","sa3012065",
2021,"Hoon Jung 정훈","Giants (KBO)",33,135,486,561,142,100,27,1,14,70,79,68,8,89,3,3,1,6,9,1,0.292181069,"Hoon Jung","sa3012191",
2026,"Tae-gon Oh 오태곤","Landers (KBO)",34,55,156,171,37,22,6,0,9,25,26,11,0,49,2,2,0,4,6,2,0.237179487,"Tae-gon Oh","sa3012193",
2023,"Kang-nam Yoo 유강남","Giants (KBO)",30,121,352,403,92,69,13,0,10,45,55,37,1,64,8,4,2,13,1,1,0.261363636,"Kang-nam Yoo","sa3012221",
2021,"Kang-nam Yoo 유강남","Twins (KBO)",28,130,397,441,100,73,16,0,11,39,60,25,1,75,14,2,3,11,2,1,0.251889168,"Kang-nam Yoo","sa3012221",
2022,"Kang-nam Yoo 유강남","Twins (KBO)",29,139,416,469,106,82,16,0,8,54,47,34,1,98,11,2,6,9,0,0,0.254807692,"Kang-nam Yoo","sa3012221",
2025,"Ji-hyuk Ryu 류지혁","Lions (KBO)",31,129,400,464,112,97,14,0,1,54,37,33,0,73,13,4,14,11,11,6,0.28,"Ji-hyuk Ryu","sa3012288",
2026,"Ji-hyuk Ryu 류지혁","Lions (KBO)",32,58,198,230,61,42,12,3,4,28,29,25,1,35,4,1,2,3,12,1,0.308080808,"Ji-hyuk Ryu","sa3012288",
2022,"Ji-hyuk Ryu 류지혁","Tigers (KBO)",28,127,405,477,112,89,19,2,2,55,48,56,0,83,6,2,8,6,8,4,0.276543209,"Ji-hyuk Ryu","sa3012288",
2022,"Sei-hyok Park 박세혁","Bears (KBO)",32,128,351,402,87,70,13,1,3,33,41,33,1,71,6,4,8,4,2,2,0.247863247,"Sei-hyok Park","sa3012290",
2021,"Ja-wook Koo 구자욱","Lions (KBO)",28,140,546,614,166,104,30,10,22,107,88,49,3,98,6,12,1,9,27,4,0.304029304,"Ja-wook Koo","sa3012300",
2022,"Ja-wook Koo 구자욱","Lions (KBO)",29,99,409,442,119,88,23,3,5,69,37,27,2,84,3,2,1,6,11,1,0.290953545,"Ja-wook Koo","sa3012300",
2023,"Ja-wook Koo 구자욱","Lions (KBO)",30,119,453,515,152,103,37,1,11,65,71,53,2,81,4,3,2,5,12,4,0.335540838,"Ja-wook Koo","sa3012300",
2024,"Ja-wook Koo 구자욱","Lions (KBO)",31,129,493,568,169,96,39,1,33,92,115,55,4,73,12,6,2,6,13,4,0.342799188,"Ja-wook Koo","sa3012300",
2025,"Ja-wook Koo 구자욱","Lions (KBO)",32,142,529,616,169,105,43,2,19,106,96,73,7,91,5,8,1,9,4,1,0.319470699,"Ja-wook Koo","sa3012300",
2026,"Ja-wook Koo 구자욱","Lions (KBO)",33,43,155,183,51,32,10,2,7,27,40,23,2,27,2,3,0,1,0,1,0.329032258,"Ja-wook Koo","sa3012300",
2021,"Hae-min Park 박해민","Lions (KBO)",31,128,457,546,132,104,22,1,5,78,54,70,2,82,3,7,9,3,35,16,0.288840262,"Hae-min Park","sa3012304",
2022,"Hae-min Park 박해민","Twins (KBO)",32,144,570,636,165,134,20,8,3,97,49,44,0,85,9,6,7,4,24,6,0.289473684,"Hae-min Park","sa3012304",
2023,"Hae-min Park 박해민","Twins (KBO)",33,143,483,556,138,116,14,2,6,80,59,45,0,74,3,1,24,7,26,12,0.285714285,"Hae-min Park","sa3012304",
2024,"Hae-min Park 박해민","Twins (KBO)",34,144,482,553,127,99,16,6,6,72,56,46,0,101,11,9,5,3,43,13,0.263485477,"Hae-min Park","sa3012304",
2025,"Hae-min Park 박해민","Twins (KBO)",35,144,442,544,122,99,18,2,3,80,43,68,0,94,8,4,22,7,49,14,0.276018099,"Hae-min Park","sa3012304",
2026,"Hae-min Park 박해민","Twins (KBO)",36,61,197,233,55,45,8,0,2,29,27,17,0,32,6,6,7,0,17,5,0.279187817,"Hae-min Park","sa3012304",
2021,"Ju-suk Ha 하주석","Eagles (KBO)",27,138,525,594,143,103,27,3,10,84,68,51,1,135,10,3,5,10,23,6,0.272380952,"Ju-suk Ha","sa3012320",
2022,"Ju-suk Ha 하주석","Eagles (KBO)",28,125,445,483,115,90,18,2,5,50,58,31,1,126,3,3,1,4,20,7,0.258426966,"Ju-suk Ha","sa3012320",
2024,"Seung-wook Park 박승욱","Giants (KBO)",31,139,405,468,106,79,19,1,7,57,53,47,3,120,10,3,3,7,4,5,0.261728395,"Seung-wook Park","sa3012327",
2021,"Yoo-seom Han 한유섬","Landers (KBO)",31,135,442,519,123,73,18,1,31,71,95,60,4,96,10,6,1,11,1,0,0.278280542,"Yoo-seom Han","sa3012336",
2022,"Yoo-seom Han 한유섬","Landers (KBO)",32,135,458,545,121,66,33,1,21,62,100,66,6,137,16,5,0,8,1,1,0.264192139,"Yoo-seom Han","sa3012336",
2024,"Yoo-seom Han 한유섬","Landers (KBO)",34,132,464,523,109,56,29,0,24,64,87,46,3,142,9,3,1,2,0,1,0.234913793,"Yoo-seom Han","sa3012336",
2025,"Yoo-seom Han 한유섬","Landers (KBO)",35,128,455,511,124,85,24,0,15,50,71,46,3,120,7,2,1,6,1,0,0.272527472,"Yoo-seom Han","sa3012336",
2022,"Min-woo Park 박민우","Dinos (KBO)",29,104,390,451,104,77,22,1,4,61,38,42,5,55,10,3,6,7,21,4,0.266666666,"Min-woo Park","sa3012337",
2023,"Min-woo Park 박민우","Dinos (KBO)",30,124,452,509,143,114,20,7,2,76,46,40,3,57,9,3,5,13,26,6,0.316371681,"Min-woo Park","sa3012337",
2024,"Min-woo Park 박민우","Dinos (KBO)",31,121,457,528,150,114,26,2,8,75,50,54,4,79,9,4,4,5,32,7,0.328227571,"Min-woo Park","sa3012337",
2025,"Min-woo Park 박민우","Dinos (KBO)",32,117,404,468,122,86,25,8,3,64,67,44,5,64,12,4,4,5,28,8,0.301980198,"Min-woo Park","sa3012337",
2026,"Min-woo Park 박민우","Dinos (KBO)",33,58,203,242,62,45,13,0,4,39,36,32,2,29,6,1,0,5,20,5,0.305418719,"Min-woo Park","sa3012337",
2021,"Jin-sung Kang 강진성","Dinos (KBO)",27,124,406,462,101,74,20,0,7,49,38,36,2,68,14,2,4,13,9,2,0.248768472,"Jin-sung Kang","sa3012344",
2023,"Jin-hyuk No 노진혁","Giants (KBO)",33,113,334,390,86,55,26,1,4,43,51,45,1,84,3,4,4,3,7,1,0.257485029,"Jin-hyuk No","sa3012348",
2022,"Jin-hyuk No 노진혁","Dinos (KBO)",32,115,396,451,111,72,24,0,15,50,75,45,3,105,2,5,3,11,2,0,0.28030303,"Jin-hyuk No","sa3012348",
2024,"Seong-uk Kim 김성욱","Dinos (KBO)",31,129,358,412,73,46,8,2,17,55,60,31,0,79,15,5,3,7,10,4,0.203910614,"Seong-uk Kim","sa3012349",
2022,"Sung-bum Na 나성범","Tigers (KBO)",32,144,563,649,180,118,39,2,21,92,97,64,6,137,17,5,0,6,6,1,0.319715808,"Sung-bum Na","sa3012352",
2024,"Sung-bum Na 나성범","Tigers (KBO)",34,102,374,424,109,70,17,1,21,51,80,38,1,98,4,7,0,8,0,0,0.29144385,"Sung-bum Na","sa3012352",
2026,"Sung-bum Na 나성범","Tigers (KBO)",36,58,199,233,57,33,14,0,10,33,30,28,0,64,4,2,0,2,0,0,0.28643216,"Sung-bum Na","sa3012352",
2021,"Sung-bum Na 나성범","Dinos (KBO)",31,144,570,623,160,97,29,1,33,96,101,38,2,155,11,4,0,5,1,1,0.280701754,"Sung-bum Na","sa3012352",
2022,"Seung-ho Kang 강승호","Bears (KBO)",28,134,444,487,117,78,28,1,10,54,62,29,0,100,3,5,6,8,13,5,0.263513513,"Seung-ho Kang","sa3012361",
2023,"Seung-ho Kang 강승호","Bears (KBO)",29,127,419,459,111,80,18,6,7,51,59,27,0,110,6,3,4,12,14,6,0.264916467,"Seung-ho Kang","sa3012361",
2024,"Seung-ho Kang 강승호","Bears (KBO)",30,140,521,566,146,87,34,7,18,81,81,32,4,158,7,4,2,8,16,5,0.280230326,"Seung-ho Kang","sa3012361",
2025,"Seung-ho Kang 강승호","Bears (KBO)",31,115,360,400,85,55,19,3,8,51,37,24,2,113,11,3,2,7,14,3,0.236111111,"Seung-ho Kang","sa3012361",
2021,"In-tae Kim 김인태","Bears (KBO)",26,133,344,418,89,65,15,1,8,51,46,62,0,67,3,4,5,10,0,2,0.25872093,"In-tae Kim","sa3012367",
2023,"Woo-sung Lee 이우성","Tigers (KBO)",28,126,355,400,107,82,17,0,8,39,58,31,4,81,5,3,6,10,8,1,0.30140845,"Woo-sung Lee","sa3012368",
2024,"Woo-sung Lee 이우성","Tigers (KBO)",29,112,399,449,115,89,16,1,9,56,54,44,0,89,3,3,0,17,7,1,0.288220551,"Woo-sung Lee","sa3012368",
2026,"Woo-sung Lee 이우성","Dinos (KBO)",31,57,205,219,74,56,14,0,4,21,26,12,0,32,1,0,1,9,3,1,0.360975609,"Woo-sung Lee","sa3012368",
2022,"Jun-wan Kim 김준완","Heroes (KBO)",31,111,317,398,60,47,10,2,1,43,28,64,0,71,8,3,6,4,1,1,0.189274447,"Jun-wan Kim","sa3012408",
2024,"Hui-dong Kwon 권희동","Dinos (KBO)",33,123,416,511,125,89,22,1,13,66,77,77,1,63,10,6,2,10,4,0,0.300480769,"Hui-dong Kwon","sa3012415",
2025,"Hui-dong Kwon 권희동","Dinos (KBO)",34,136,358,456,88,58,24,0,6,56,39,77,0,80,11,2,8,10,5,5,0.245810055,"Hui-dong Kwon","sa3012415",
2022,"Min-hyuck Kim 김민혁","Wiz (KBO)",26,132,373,434,106,94,10,2,0,47,35,37,2,62,2,3,19,10,6,9,0.284182305,"Min-hyuck Kim","sa3012419",
2023,"Min-hyuck Kim 김민혁","Wiz (KBO)",27,113,397,448,118,92,20,3,3,68,41,36,0,48,3,5,7,4,11,4,0.297229219,"Min-hyuck Kim","sa3012419",
2024,"Min-hyuck Kim 김민혁","Wiz (KBO)",28,115,351,393,124,106,14,3,1,47,34,35,1,45,1,3,3,9,4,2,0.353276353,"Min-hyuck Kim","sa3012419",
2025,"Min-hyuck Kim 김민혁","Wiz (KBO)",29,106,380,417,109,95,12,2,0,52,35,25,1,41,7,1,4,12,11,3,0.286842105,"Min-hyuck Kim","sa3012419",
2026,"Min-hyuck Kim 김민혁","Wiz (KBO)",30,41,158,177,52,47,4,0,1,21,16,12,0,25,3,0,4,4,1,1,0.329113924,"Min-hyuck Kim","sa3012419",
2026,"Woo-jun Shim 심우준","Eagles (KBO)",31,52,160,191,44,35,6,0,3,32,22,25,0,34,3,0,3,1,12,1,0.275,"Woo-jun Shim","sa3012420",
2021,"Woo-jun Shim 심우준","Wiz (KBO)",26,140,410,463,110,82,20,2,6,62,48,32,0,66,4,6,10,2,16,6,0.268292682,"Woo-jun Shim","sa3012420",
2022,"Woo-jun Shim 심우준","Wiz (KBO)",27,132,388,449,93,79,8,2,4,69,34,43,0,75,2,4,11,10,23,2,0.239690721,"Woo-jun Shim","sa3012420",
2024,"Sang-chul Moon 문상철","Wiz (KBO)",33,125,347,403,89,61,11,0,17,50,58,45,2,86,7,3,1,8,6,1,0.256484149,"Sang-chul Moon","sa3012421",
2021,"Suk-hwan Yang 양석환","Bears (KBO)",29,133,488,546,133,83,22,0,28,66,96,42,2,136,9,7,0,9,2,3,0.272540983,"Suk-hwan Yang","sa3012438",
2022,"Suk-hwan Yang 양석환","Bears (KBO)",30,107,405,446,99,64,14,1,20,58,51,32,3,101,7,2,0,2,1,0,0.244444444,"Suk-hwan Yang","sa3012438",
2023,"Suk-hwan Yang 양석환","Bears (KBO)",31,140,524,582,146,97,28,0,21,73,89,41,3,133,6,11,0,9,4,0,0.278625954,"Suk-hwan Yang","sa3012438",
2024,"Suk-hwan Yang 양석환","Bears (KBO)",32,142,533,593,131,71,25,1,34,83,107,49,1,128,7,3,1,15,5,3,0.245778611,"Suk-hwan Yang","sa3012438",
2021,"Jung-dae Bae 배정대","Wiz (KBO)",25,145,513,598,132,96,23,1,12,85,68,65,2,133,12,5,3,8,19,6,0.257309941,"Jung-dae Bae","sa3012441",
2022,"Jung-dae Bae 배정대","Wiz (KBO)",26,144,508,575,135,105,22,2,6,64,56,54,0,126,4,4,5,2,19,4,0.265748031,"Jung-dae Bae","sa3012441",
2024,"Jung-dae Bae 배정대","Wiz (KBO)",28,113,404,473,111,78,25,1,7,49,59,50,1,114,4,7,8,5,9,7,0.274752475,"Jung-dae Bae","sa3012441",
2025,"Ji-yeol Im 임지열","Heroes (KBO)",29,102,369,417,90,63,14,2,11,51,50,42,0,111,2,3,1,11,13,6,0.243902439,"Ji-yeol Im","sa3012449",
2022,"Chang-jin Lee 이창진","Tigers (KBO)",31,111,346,404,104,83,14,0,7,56,48,41,0,63,2,4,11,7,3,5,0.300578034,"Chang-jin Lee","sa3012466",
2026,"Chan-ho Park 박찬호","Bears (KBO)",31,62,231,272,60,42,13,2,3,43,24,31,1,39,2,3,5,6,14,3,0.259740259,"Chan-ho Park","sa3012474",
2021,"Chan-ho Park 박찬호","Tigers (KBO)",26,131,418,483,103,82,15,5,1,51,59,54,0,73,0,3,8,11,9,4,0.246411483,"Chan-ho Park","sa3012474",
2022,"Chan-ho Park 박찬호","Tigers (KBO)",27,130,493,566,134,108,22,0,4,81,45,57,0,67,1,7,8,10,42,8,0.271805273,"Chan-ho Park","sa3012474",
2023,"Chan-ho Park 박찬호","Tigers (KBO)",28,130,452,507,136,111,18,4,3,73,52,40,0,56,2,6,7,13,30,8,0.300884955,"Chan-ho Park","sa3012474",
2024,"Chan-ho Park 박찬호","Tigers (KBO)",29,134,515,577,158,128,24,1,5,86,61,48,1,44,1,6,7,9,20,13,0.306796116,"Chan-ho Park","sa3012474",
2025,"Chan-ho Park 박찬호","Tigers (KBO)",30,134,516,595,148,123,18,2,5,75,42,62,0,69,3,6,8,7,27,6,0.286821705,"Chan-ho Park","sa3012474",
2021,"Yong-ho Cho 조용호","Wiz (KBO)",31,139,431,519,101,86,14,1,0,71,48,75,0,85,3,5,5,8,12,9,0.234338747,"Yong-ho Cho","sa3012491",
2022,"Yong-ho Cho 조용호","Wiz (KBO)",32,131,474,531,146,121,18,4,3,52,44,49,3,74,3,3,2,3,5,3,0.308016877,"Yong-ho Cho","sa3012491",
2021,"Tae-jin Kim 김태진","Tigers (KBO)",25,99,381,414,105,87,12,5,1,43,36,23,1,64,0,4,6,7,8,5,0.275590551,"Tae-jin Kim","sa3012499",
2024,"Min-jae Shin 신민재","Twins (KBO)",28,128,387,474,115,98,11,6,0,78,40,64,1,47,5,3,15,7,32,11,0.297157622,"Min-jae Shin","sa3012520",
2025,"Min-jae Shin 신민재","Twins (KBO)",29,135,463,538,145,122,15,7,1,87,61,62,0,57,3,4,6,7,15,9,0.313174946,"Min-jae Shin","sa3012520",
2026,"Min-jae Shin 신민재","Twins (KBO)",30,60,183,215,44,42,2,0,0,20,11,26,0,30,1,2,3,3,9,1,0.240437158,"Min-jae Shin","sa3012520",
2022,"Dae-in Hwang 황대인","Tigers (KBO)",26,129,476,524,122,81,27,0,14,40,91,36,2,92,7,5,0,20,0,0,0.256302521,"Dae-in Hwang","sa3012545",
2026,"Ho-ryung Kim 김호령","Tigers (KBO)",34,61,230,257,64,42,13,1,8,34,31,16,1,66,3,3,5,2,6,4,0.278260869,"Ho-ryung Kim","sa3012550",
2026,"Do-yun Lee 이도윤","Eagles (KBO)",29,50,150,162,43,32,9,2,0,20,18,8,1,23,1,0,3,1,1,1,0.286666666,"Do-yun Lee","sa3012554",
2021,"Chang-ki Hong 홍창기","Twins (KBO)",27,144,524,651,172,140,26,2,4,103,52,109,4,95,16,2,0,6,23,8,0.328244274,"Chang-ki Hong","sa3012570",
2022,"Chang-ki Hong 홍창기","Twins (KBO)",28,118,437,525,125,101,19,4,1,76,51,59,0,75,19,5,5,11,14,4,0.286041189,"Chang-ki Hong","sa3012570",
2023,"Chang-ki Hong 홍창기","Twins (KBO)",29,140,522,638,174,137,34,2,1,109,65,85,3,82,22,6,3,6,23,22,0.333333333,"Chang-ki Hong","sa3012570",
2024,"Chang-ki Hong 홍창기","Twins (KBO)",30,139,524,637,176,150,18,3,5,96,73,96,3,93,12,4,1,8,10,11,0.335877862,"Chang-ki Hong","sa3012570",
2026,"Chang-ki Hong 홍창기","Twins (KBO)",32,55,190,240,44,37,6,1,0,33,16,40,0,54,6,2,2,5,3,0,0.231578947,"Chang-ki Hong","sa3012570",
2021,"Won-jun Choi 최원준","Tigers (KBO)",24,143,589,668,174,143,21,6,4,82,44,61,0,68,11,3,4,7,40,11,0.295415959,"Won-jun Choi","sa3012595",
2024,"Won-jun Choi 최원준","Tigers (KBO)",27,136,438,508,128,93,23,3,9,75,56,50,0,66,8,5,7,5,21,9,0.292237442,"Won-jun Choi","sa3012595",
2026,"Won-jun Choi 최원준","Wiz (KBO)",29,60,247,289,95,70,18,2,5,52,37,32,0,40,4,3,3,2,15,6,0.384615384,"Won-jun Choi","sa3012595",
2023,"Jin-young Lee 이진영","Eagles (KBO)",25,121,358,422,89,57,22,0,10,57,50,53,0,127,2,5,4,4,5,0,0.248603351,"Jin-young Lee","sa3012598",
2022,"Tae-yean Kim 김태연","Eagles (KBO)",25,119,404,464,97,72,18,0,7,46,53,48,1,106,5,4,3,9,3,2,0.240099009,"Tae-yean Kim","sa3012603",
2024,"Tae-yean Kim 김태연","Eagles (KBO)",27,126,413,472,120,84,24,0,12,59,61,45,0,89,4,4,6,9,5,2,0.2905569,"Tae-yean Kim","sa3012603",
2026,"Tae-yean Kim 김태연","Eagles (KBO)",29,52,147,173,50,36,8,2,4,26,15,15,0,27,1,1,9,2,1,1,0.340136054,"Tae-yean Kim","sa3012603",
2022,"In-hwan Kim 김인환","Eagles (KBO)",28,113,398,429,104,74,14,0,16,48,54,24,2,111,3,4,0,4,2,0,0.261306532,"In-hwan Kim","sa3012607",
2025,"Seong-yoon Kim 김성윤","Lions (KBO)",26,127,456,538,151,107,29,9,6,92,61,65,0,54,5,2,10,11,26,7,0.33114035,"Seong-yoon Kim","sa3012644",
2026,"Seong-yoon Kim 김성윤","Lions (KBO)",27,43,141,166,40,30,7,1,2,26,21,17,0,20,2,2,4,0,11,1,0.283687943,"Seong-yoon Kim","sa3012644",
2021,"Seong-han Park 박성한","Landers (KBO)",23,135,407,471,123,97,21,1,4,53,44,49,0,73,1,2,12,1,12,5,0.302211302,"Seong-han Park","sa3012661",
2022,"Seong-han Park 박성한","Landers (KBO)",24,140,494,564,147,117,24,4,2,68,56,60,1,81,2,2,6,5,11,8,0.29757085,"Seong-han Park","sa3012661",
2023,"Seong-han Park 박성한","Landers (KBO)",25,128,459,529,122,94,19,0,9,53,47,58,1,56,1,4,7,7,5,1,0.265795206,"Seong-han Park","sa3012661",
2024,"Seong-han Park 박성한","Landers (KBO)",26,137,489,564,147,113,24,0,10,78,66,64,3,86,2,6,3,12,13,3,0.300613496,"Seong-han Park","sa3012661",
2025,"Seong-han Park 박성한","Landers (KBO)",27,127,452,538,124,92,23,2,7,73,48,79,1,93,3,2,2,6,5,6,0.274336283,"Seong-han Park","sa3012661",
2026,"Seong-han Park 박성한","Landers (KBO)",28,61,225,272,80,60,16,1,3,46,32,44,1,27,1,2,0,2,5,2,0.355555555,"Seong-han Park","sa3012661",
2026,"Baek-ho Kang 강백호","Eagles (KBO)",26,56,218,247,72,44,16,0,12,35,61,28,1,50,0,1,0,4,0,1,0.330275229,"Baek-ho Kang","sa3012665",
2021,"Baek-ho Kang 강백호","Wiz (KBO)",21,143,520,631,180,123,40,1,16,75,103,103,10,86,0,8,0,7,10,5,0.346153846,"Baek-ho Kang","sa3012665",
2024,"Baek-ho Kang 강백호","Wiz (KBO)",24,144,550,614,159,106,27,0,26,92,96,59,4,127,3,2,0,6,6,2,0.289090909,"Baek-ho Kang","sa3012665",
2022,"Sung-ju Moon 문성주","Twins (KBO)",25,106,327,390,99,75,15,3,6,55,41,51,2,36,3,1,8,12,9,6,0.302752293,"Sung-ju Moon","sa3012668",
2023,"Sung-ju Moon 문성주","Twins (KBO)",26,135,446,530,132,105,21,4,2,77,57,66,0,33,8,4,6,10,24,13,0.295964125,"Sung-ju Moon","sa3012668",
2025,"Sung-ju Moon 문성주","Twins (KBO)",28,135,475,542,145,120,20,2,3,57,70,54,0,59,4,9,0,10,4,3,0.305263157,"Sung-ju Moon","sa3012668",
2026,"Min-jae Jeon 전민재","Giants (KBO)",27,57,181,201,51,38,8,0,5,18,27,14,0,38,2,2,2,4,6,2,0.281767955,"Min-jae Jeon","sa3012673",
2021,"Dong-hui Han 한동희","Giants (KBO)",22,129,424,496,113,72,24,0,17,54,69,61,1,95,6,4,1,21,0,1,0.266509433,"Dong-hui Han","sa3012686",
2022,"Dong-hui Han 한동희","Giants (KBO)",23,129,456,499,140,99,27,0,14,43,65,33,2,64,6,4,0,15,0,0,0.307017543,"Dong-hui Han","sa3012686",
2021,"Eun-won Jung 정은원","Eagles (KBO)",21,139,495,608,140,107,22,5,6,85,39,105,1,105,1,3,4,9,19,11,0.282828282,"Eun-won Jung","sa3012695",
2022,"Eun-won Jung 정은원","Eagles (KBO)",22,140,508,601,140,110,20,2,8,67,49,85,0,109,1,3,4,10,9,6,0.275590551,"Eun-won Jung","sa3012695",
2023,"Eun-won Jung 정은원","Eagles (KBO)",23,122,388,459,86,72,12,0,2,50,30,62,1,73,3,1,5,4,6,3,0.221649484,"Eun-won Jung","sa3012695",
2024,"Hyung-jun Kim 김형준","Dinos (KBO)",24,119,354,414,69,40,12,0,17,39,50,45,0,144,2,6,7,6,0,0,0.194915254,"Hyung-jun Kim","sa3012705",
2025,"Hyung-jun Kim 김형준","Dinos (KBO)",25,127,362,415,84,55,10,1,18,51,55,45,0,126,3,2,3,7,3,0,0.232044198,"Hyung-jun Kim","sa3012705",
2026,"Hyung-jun Kim 김형준","Dinos (KBO)",26,53,148,171,34,26,4,0,4,16,25,17,0,60,3,1,2,7,0,0,0.229729729,"Hyung-jun Kim","sa3012705",
2024,"Bon-hyeok Gu 구본혁","Twins (KBO)",27,133,339,389,87,69,14,2,2,48,43,38,0,51,4,4,4,7,8,4,0.256637168,"Bon-hyeok Gu","sa3012711",
2025,"Bon-hyeok Gu 구본혁","Twins (KBO)",28,131,343,397,98,79,16,2,1,41,38,36,1,44,6,0,12,4,10,5,0.285714285,"Bon-hyeok Gu","sa3012711",
2026,"Bon-hyeok Gu 구본혁","Twins (KBO)",29,60,148,170,42,39,3,0,0,16,13,13,0,21,1,1,7,3,2,0,0.283783783,"Bon-hyeok Gu","sa3012711",
2026,"Seung-kyu Park 박승규","Lions (KBO)",25,46,154,182,43,25,5,4,9,31,26,24,1,26,3,1,0,3,5,0,0.279220779,"Seung-kyu Park","sa3012721",
2024,"Seung-min Go 고승민","Giants (KBO)",23,120,481,532,148,101,27,6,14,79,87,41,0,78,1,8,1,10,5,4,0.307692307,"Seung-min Go","sa3012726",
2025,"Seung-min Go 고승민","Giants (KBO)",24,121,469,538,127,100,21,2,4,71,45,56,1,83,3,4,6,8,5,1,0.270788912,"Seung-min Go","sa3012726",
2025,"Sun-woo Oh 오선우","Tigers (KBO)",28,124,437,474,116,80,17,1,18,58,56,34,2,158,3,0,0,11,0,2,0.265446224,"Sun-woo Oh","sa3012730",
2021,"Si-hwan Roh 노시환","Eagles (KBO)",20,107,380,458,103,66,18,1,18,56,84,73,9,107,1,4,0,15,5,1,0.271052631,"Si-hwan Roh","sa3012734",
2022,"Si-hwan Roh 노시환","Eagles (KBO)",21,115,434,490,122,91,24,1,6,55,59,48,1,95,4,4,0,12,6,2,0.28110599,"Si-hwan Roh","sa3012734",
2023,"Si-hwan Roh 노시환","Eagles (KBO)",22,131,514,595,153,91,30,1,31,85,101,74,5,118,4,3,0,13,2,1,0.297665369,"Si-hwan Roh","sa3012734",
2024,"Si-hwan Roh 노시환","Eagles (KBO)",23,136,526,601,143,97,20,2,24,88,89,60,9,129,11,4,0,10,6,0,0.271863117,"Si-hwan Roh","sa3012734",
2025,"Si-hwan Roh 노시환","Eagles (KBO)",24,144,539,624,140,78,28,2,32,97,101,70,10,125,11,4,0,22,14,5,0.259740259,"Si-hwan Roh","sa3012734",
2026,"Si-hwan Roh 노시환","Eagles (KBO)",25,53,217,246,55,37,9,0,9,42,38,22,0,70,4,2,1,6,0,2,0.253456221,"Si-hwan Roh","sa3012734",
2026,"Hyoung-woo Choi 최형우","Lions (KBO)",42,58,206,254,65,47,10,0,8,28,43,42,2,33,3,3,0,7,0,0,0.31553398,"Hyoung-woo Choi","sa3012871",
2021,"Hyoung-woo Choi 최형우","Tigers (KBO)",37,104,373,446,87,59,15,1,12,52,55,67,10,67,4,2,0,9,0,0,0.233243967,"Hyoung-woo Choi","sa3012871",
2022,"Hyoung-woo Choi 최형우","Tigers (KBO)",38,132,454,530,120,78,27,1,14,55,71,73,5,92,1,2,0,9,1,0,0.26431718,"Hyoung-woo Choi","sa3012871",
2023,"Hyoung-woo Choi 최형우","Tigers (KBO)",39,121,431,508,130,85,27,1,17,64,81,65,1,83,8,4,0,5,0,0,0.301624129,"Hyoung-woo Choi","sa3012871",
2024,"Hyoung-woo Choi 최형우","Tigers (KBO)",40,116,425,487,119,72,23,2,22,67,109,52,4,86,5,5,0,5,1,1,0.28,"Hyoung-woo Choi","sa3012871",
2025,"Hyoung-woo Choi 최형우","Tigers (KBO)",41,133,469,549,144,89,30,1,24,74,86,67,8,98,8,5,0,9,1,0,0.307036247,"Hyoung-woo Choi","sa3012871",
2021,"Jae-il Oh 오재일","Lions (KBO)",34,121,422,488,120,75,20,0,25,64,97,58,8,107,0,8,0,5,1,0,0.284360189,"Jae-il Oh","sa3013047",
2022,"Jae-il Oh 오재일","Lions (KBO)",35,135,470,536,126,63,42,0,21,57,94,57,8,133,2,7,0,7,2,1,0.268085106,"Jae-il Oh","sa3013047",
2021,"Won-seok Lee 이원석","Lions (KBO)",34,132,402,483,92,64,19,0,9,40,59,60,2,82,11,8,2,11,1,0,0.228855721,"Won-seok Lee","sa3013066",
2024,"Joo-hwan Choi 최주환","Heroes (KBO)",36,130,482,544,124,87,23,1,13,49,84,47,2,92,6,9,0,12,0,1,0.25726141,"Joo-hwan Choi","sa3013103",
2025,"Joo-hwan Choi 최주환","Heroes (KBO)",37,120,459,506,126,82,31,1,12,45,74,36,2,66,5,6,0,8,0,0,0.274509803,"Joo-hwan Choi","sa3013103",
2026,"Joo-hwan Choi 최주환","Heroes (KBO)",38,58,198,224,53,41,8,1,3,18,28,21,1,33,0,2,3,6,0,0,0.267676767,"Joo-hwan Choi","sa3013103",
2021,"Joo-hwan Choi 최주환","Landers (KBO)",33,116,406,470,104,70,16,0,18,50,67,53,4,84,9,2,0,7,2,1,0.256157635,"Joo-hwan Choi","sa3013103",
2023,"Joo-hwan Choi 최주환","Landers (KBO)",35,134,426,478,100,57,23,0,20,48,64,44,4,94,4,3,1,6,0,0,0.234741784,"Joo-hwan Choi","sa3013103",
2021,"Min-sung Kim 김민성","Twins (KBO)",32,121,360,426,80,50,22,0,8,35,39,42,2,73,8,5,11,7,3,3,0.222222222,"Min-sung Kim","sa3013175",
2026,"Jae-hwan Kim 김재환","Landers (KBO)",37,53,180,219,34,24,2,0,8,21,28,36,0,67,2,1,0,3,1,0,0.188888888,"Jae-hwan Kim","sa3013200",
2021,"Jae-hwan Kim 김재환","Bears (KBO)",32,137,475,566,130,78,23,2,27,86,102,81,3,127,5,5,0,8,2,3,0.27368421,"Jae-hwan Kim","sa3013200",
2022,"Jae-hwan Kim 김재환","Bears (KBO)",33,128,448,517,111,63,24,1,23,64,72,61,4,133,4,4,0,5,2,1,0.247767857,"Jae-hwan Kim","sa3013200",
2023,"Jae-hwan Kim 김재환","Bears (KBO)",34,132,405,484,89,64,15,0,10,40,46,72,4,100,5,2,0,8,4,1,0.219753086,"Jae-hwan Kim","sa3013200",
2024,"Jae-hwan Kim 김재환","Bears (KBO)",35,136,474,552,134,77,28,0,29,78,92,63,3,168,6,9,0,8,1,1,0.282700421,"Jae-hwan Kim","sa3013200",
2025,"Jae-hwan Kim 김재환","Bears (KBO)",36,103,344,407,83,55,13,2,13,42,50,57,3,96,4,2,0,4,7,2,0.241279069,"Jae-hwan Kim","sa3013200",
2021,"Jae-hoon Choi 최재훈","Eagles (KBO)",31,116,375,467,103,75,21,0,7,52,44,72,2,68,12,3,5,16,3,2,0.274666666,"Jae-hoon Choi","sa3013205",
2022,"Jae-hoon Choi 최재훈","Eagles (KBO)",32,114,364,437,81,63,13,0,5,38,30,44,0,65,21,2,5,17,1,1,0.222527472,"Jae-hoon Choi","sa3013205",
2023,"Jae-hoon Choi 최재훈","Eagles (KBO)",33,125,327,417,81,68,12,0,1,23,33,56,1,48,23,2,9,9,1,1,0.247706422,"Jae-hoon Choi","sa3013205",
2021,"Sung-woo Jang 장성우","Wiz (KBO)",31,128,388,463,89,62,13,0,14,46,63,60,3,70,3,3,9,15,1,2,0.229381443,"Sung-woo Jang","sa3013216",
2022,"Sung-woo Jang 장성우","Wiz (KBO)",32,117,362,420,94,65,11,0,18,48,55,52,2,79,2,3,1,12,1,0,0.259668508,"Sung-woo Jang","sa3013216",
2023,"Sung-woo Jang 장성우","Wiz (KBO)",33,131,410,464,118,85,22,0,11,37,65,42,1,70,2,7,3,12,1,1,0.287804878,"Sung-woo Jang","sa3013216",
2024,"Sung-woo Jang 장성우","Wiz (KBO)",34,131,418,489,112,74,19,0,19,53,81,60,1,86,1,8,2,8,5,0,0.267942583,"Sung-woo Jang","sa3013216",
2025,"Sung-woo Jang 장성우","Wiz (KBO)",35,129,413,480,102,75,13,0,14,44,58,55,1,96,2,8,2,13,0,1,0.246973365,"Sung-woo Jang","sa3013216",
2026,"Sung-woo Jang 장성우","Wiz (KBO)",36,50,160,199,33,15,10,0,8,28,35,37,3,49,1,1,0,8,1,0,0.20625,"Sung-woo Jang","sa3013216",
2021,"Sun-bin Kim 김선빈","Tigers (KBO)",31,130,501,564,154,117,32,0,5,55,67,56,2,39,1,5,1,19,0,0,0.307385229,"Sun-bin Kim","sa3013220",
2022,"Sun-bin Kim 김선빈","Tigers (KBO)",32,140,505,587,145,119,23,0,3,51,61,65,0,47,6,3,7,13,13,2,0.287128712,"Sun-bin Kim","sa3013220",
2023,"Sun-bin Kim 김선빈","Tigers (KBO)",33,119,419,473,134,118,16,0,0,41,48,38,0,26,5,3,8,10,3,1,0.319809069,"Sun-bin Kim","sa3013220",
2024,"Sun-bin Kim 김선빈","Tigers (KBO)",34,116,423,466,139,107,23,0,9,48,57,30,0,39,5,0,7,13,5,1,0.3286052,"Sun-bin Kim","sa3013220",
2026,"Sun-bin Kim 김선빈","Tigers (KBO)",36,60,203,241,55,41,13,0,1,26,21,35,1,25,2,1,0,4,0,0,0.27093596,"Sun-bin Kim","sa3013220",
2021,"Ji-hwan Oh 오지환","Twins (KBO)",31,134,464,532,118,89,19,2,8,62,57,54,0,82,5,5,4,11,12,6,0.254310344,"Ji-hwan Oh","sa3013245",
2022,"Ji-hwan Oh 오지환","Twins (KBO)",32,142,494,569,133,88,16,4,25,75,87,62,2,107,7,3,3,11,20,7,0.269230769,"Ji-hwan Oh","sa3013245",
2023,"Ji-hwan Oh 오지환","Twins (KBO)",33,125,419,498,112,78,23,3,8,65,61,63,0,82,8,4,4,4,15,7,0.267303102,"Ji-hwan Oh","sa3013245",
2024,"Ji-hwan Oh 오지환","Twins (KBO)",34,108,370,428,94,58,24,2,10,67,59,51,0,106,4,1,2,9,17,4,0.254054054,"Ji-hwan Oh","sa3013245",
2025,"Ji-hwan Oh 오지환","Twins (KBO)",35,127,419,472,106,65,24,1,16,57,62,37,0,115,3,6,7,4,9,7,0.252983293,"Ji-hwan Oh","sa3013245",
2026,"Ji-hwan Oh 오지환","Twins (KBO)",36,57,180,211,49,34,9,0,6,27,36,20,0,39,2,3,6,3,2,1,0.272222222,"Ji-hwan Oh","sa3013245",
2021,"Eun-seong Chae 채은성","Twins (KBO)",31,110,387,448,107,71,20,0,16,59,82,38,2,80,16,7,0,9,4,2,0.276485788,"Eun-seong Chae","sa3013253",
2022,"Eun-seong Chae 채은성","Twins (KBO)",32,126,467,526,138,98,26,2,12,48,83,27,3,88,21,11,0,16,6,7,0.295503211,"Eun-seong Chae","sa3013253",
2023,"Eun-seong Chae 채은성","Eagles (KBO)",33,137,521,596,137,97,17,0,23,71,84,52,8,102,20,3,0,16,0,0,0.262955854,"Eun-seong Chae","sa3013253",
2024,"Eun-seong Chae 채은성","Eagles (KBO)",34,124,436,498,118,74,24,0,20,61,83,49,1,83,8,5,0,12,1,1,0.270642201,"Eun-seong Chae","sa3013253",
2025,"Eun-seong Chae 채은성","Eagles (KBO)",35,132,480,527,138,91,27,1,19,54,88,31,5,96,13,0,3,4,1,2,0.2875,"Eun-seong Chae","sa3013253",
2021,"Kun-woo Park 박건우","Bears (KBO)",30,126,458,525,149,110,31,2,6,82,63,50,2,72,11,6,0,16,13,0,0.32532751,"Kun-woo Park","sa3013255",
2022,"Kun-woo Park 박건우","Dinos (KBO)",31,111,408,463,137,108,18,1,10,52,61,44,1,62,8,3,0,10,3,3,0.335784313,"Kun-woo Park","sa3013255",
2023,"Kun-woo Park 박건우","Dinos (KBO)",32,130,458,533,146,98,34,2,12,70,85,56,0,71,9,9,1,14,7,5,0.318777292,"Kun-woo Park","sa3013255",
2025,"Kun-woo Park 박건우","Dinos (KBO)",34,124,384,442,111,77,24,1,9,43,67,47,2,63,5,5,1,6,6,4,0.2890625,"Kun-woo Park","sa3013255",
2026,"Kun-woo Park 박건우","Dinos (KBO)",35,58,198,233,61,41,8,0,12,32,34,29,4,47,1,5,0,4,5,2,0.308080808,"Kun-woo Park","sa3013255",
2022,"Soo-bin Jung 정수빈","Bears (KBO)",31,127,405,455,105,86,12,4,3,58,41,39,1,56,1,4,6,2,16,6,0.259259259,"Soo-bin Jung","sa3013258",
2023,"Soo-bin Jung 정수빈","Bears (KBO)",32,137,498,583,143,116,14,11,2,75,33,64,1,63,7,2,12,2,38,8,0.287148594,"Soo-bin Jung","sa3013258",
2024,"Soo-bin Jung 정수빈","Bears (KBO)",33,136,510,608,145,117,21,3,4,95,47,71,1,72,9,8,10,8,52,13,0.284313725,"Soo-bin Jung","sa3013258",
2025,"Soo-bin Jung 정수빈","Bears (KBO)",34,132,462,546,119,93,16,4,6,89,38,61,2,57,11,4,8,7,26,13,0.257575757,"Soo-bin Jung","sa3013258",
2026,"Soo-bin Jung 정수빈","Bears (KBO)",35,61,212,247,58,46,4,3,5,33,26,27,0,36,3,0,5,2,12,4,0.273584905,"Soo-bin Jung","sa3013258",
2021,"Dong-won Park 박동원","Heroes (KBO)",31,131,413,481,103,61,20,0,22,61,83,53,0,114,7,3,5,12,2,0,0.249394673,"Dong-won Park","sa3013271",
2023,"Dong-won Park 박동원","Twins (KBO)",33,129,405,477,102,64,17,1,20,54,75,49,3,90,7,8,8,7,0,1,0.251851851,"Dong-won Park","sa3013271",
2024,"Dong-won Park 박동원","Twins (KBO)",34,130,434,498,118,76,22,0,20,58,80,55,2,112,0,7,2,14,1,0,0.2718894,"Dong-won Park","sa3013271",
2025,"Dong-won Park 박동원","Twins (KBO)",35,139,451,523,114,67,25,0,22,57,76,62,4,124,2,5,3,10,4,0,0.252771618,"Dong-won Park","sa3013271",
2026,"Dong-won Park 박동원","Twins (KBO)",36,55,154,192,37,23,8,0,6,23,26,28,2,47,3,2,5,4,1,1,0.24025974,"Dong-won Park","sa3013271",
2022,"Dong-won Park 박동원","Tigers (KBO)",32,112,352,407,86,51,18,0,17,51,53,38,4,87,9,1,7,9,1,0,0.244318181,"Dong-won Park","sa3013271",
2022,"Ji-young Lee 이지영","Heroes (KBO)",36,137,420,450,112,93,13,4,2,38,37,20,2,44,2,0,8,16,1,1,0.266666666,"Ji-young Lee","sa3013276",
2024,"Ji-young Lee 이지영","Landers (KBO)",38,123,398,432,111,94,11,1,5,45,50,18,0,35,7,2,7,10,8,1,0.278894472,"Ji-young Lee","sa3013276",
2026,"Chi-hong An 안치홍","Heroes (KBO)",35,57,220,249,64,49,11,0,4,25,24,28,2,35,1,0,0,7,0,0,0.29090909,"Chi-hong An","sa3013286",
2021,"Chi-hong An 안치홍","Giants (KBO)",30,119,421,490,129,87,30,2,10,58,82,52,2,58,3,9,5,10,3,6,0.306413301,"Chi-hong An","sa3013286",
2022,"Chi-hong An 안치홍","Giants (KBO)",31,132,493,562,140,96,27,3,14,71,58,51,4,52,5,5,8,13,7,2,0.283975659,"Chi-hong An","sa3013286",
2023,"Chi-hong An 안치홍","Giants (KBO)",32,121,425,494,124,95,20,1,8,57,63,49,3,53,10,5,5,14,3,3,0.291764705,"Chi-hong An","sa3013286",
2024,"Chi-hong An 안치홍","Eagles (KBO)",33,128,473,533,142,108,21,0,13,64,66,49,1,70,6,4,1,10,3,2,0.300211416,"Chi-hong An","sa3013286",
2026,"Jun-su Han 한준수","Tigers (KBO)",27,52,136,173,41,24,12,0,5,18,20,29,2,23,2,2,4,6,0,0,0.301470588,"Jun-su Han","sa3014211",
2022,"Ji-chan Kim 김지찬","Lions (KBO)",21,113,361,429,101,88,7,6,0,62,25,45,0,64,2,3,18,2,25,3,0.279778393,"Ji-chan Kim","sa3014279",
2024,"Ji-chan Kim 김지찬","Lions (KBO)",23,135,453,535,143,121,16,3,3,102,36,60,2,40,9,1,12,5,42,4,0.315673289,"Ji-chan Kim","sa3014279",
2026,"Ji-chan Kim 김지찬","Lions (KBO)",25,59,187,225,55,48,5,2,0,47,15,29,1,13,3,1,5,2,9,3,0.294117647,"Ji-chan Kim","sa3014279",
2021,"Ji-hoon Choi 최지훈","Landers (KBO)",23,136,461,534,121,91,19,6,5,75,45,51,0,71,8,6,8,6,26,6,0.262472885,"Ji-hoon Choi","sa3014282",
2022,"Ji-hoon Choi 최지훈","Landers (KBO)",24,144,569,640,173,127,32,4,10,93,61,47,0,77,7,4,13,7,31,7,0.304042179,"Ji-hoon Choi","sa3014282",
2023,"Ji-hoon Choi 최지훈","Landers (KBO)",25,117,462,503,124,95,19,8,2,65,30,29,0,50,3,1,8,3,21,2,0.268398268,"Ji-hoon Choi","sa3014282",
2024,"Ji-hoon Choi 최지훈","Landers (KBO)",26,125,483,543,133,93,22,7,11,89,49,50,0,71,2,2,6,5,32,5,0.275362318,"Ji-hoon Choi","sa3014282",
2025,"Ji-hoon Choi 최지훈","Landers (KBO)",27,140,517,574,147,120,16,4,7,66,45,43,2,87,5,5,4,2,28,7,0.284332688,"Ji-hoon Choi","sa3014282",
2026,"Ji-hoon Choi 최지훈","Landers (KBO)",28,60,224,249,50,28,10,3,9,38,31,19,0,31,2,3,1,5,8,0,0.223214285,"Ji-hoon Choi","sa3014282",
2023,"Ho-cheol Seo 서호철","Dinos (KBO)",26,114,397,435,113,88,17,3,5,50,41,20,0,51,8,4,6,9,4,5,0.28463476,"Ho-cheol Seo","sa3014321",
2024,"Ho-cheol Seo 서호철","Dinos (KBO)",27,141,512,567,146,114,19,3,10,68,61,30,0,101,16,3,6,15,1,3,0.28515625,"Ho-cheol Seo","sa3014321",
2026,"Seong Ho Cheon 천성호","Twins (KBO)",28,55,163,178,44,32,10,1,1,25,20,11,1,27,2,0,2,6,5,1,0.26993865,"Seong Ho Cheon","sa3014323",
2026,"Ji Hoon Park 박지훈","Bears (KBO)",25,58,159,188,43,37,4,2,0,24,16,17,0,23,4,0,8,2,4,1,0.270440251,"Ji Hoon Park","sa3014342",
2024,"Ju Hyoung Lee 이주형","Heroes (KBO)",23,115,473,537,126,91,19,3,13,82,60,49,1,119,14,1,0,4,6,0,0.266384778,"Ju Hyoung Lee","sa3014742",
2025,"Ju Hyoung Lee 이주형","Heroes (KBO)",24,127,446,514,107,73,22,1,11,55,45,37,2,115,28,0,3,7,15,1,0.239910313,"Ju Hyoung Lee","sa3014742",
2025,"Myeong Jun Ko 고명준","Landers (KBO)",22,130,471,500,131,93,20,1,17,46,64,20,1,99,2,7,0,12,2,0,0.278131634,"Myeong Jun Ko","sa3014774",
2022,"Bo-gyeong Moon 문보경","Twins (KBO)",21,126,406,466,128,94,22,3,9,52,56,47,1,56,1,7,5,11,7,0,0.315270935,"Bo-gyeong Moon","sa3015048",
2023,"Bo-gyeong Moon 문보경","Twins (KBO)",22,130,465,538,140,96,29,5,10,77,72,58,2,82,2,4,9,5,9,8,0.301075268,"Bo-gyeong Moon","sa3015048",
2024,"Bo-gyeong Moon 문보경","Twins (KBO)",23,144,519,602,156,96,35,3,22,80,101,65,3,112,2,13,3,14,7,6,0.300578034,"Bo-gyeong Moon","sa3015048",
2025,"Bo-gyeong Moon 문보경","Twins (KBO)",24,141,515,607,142,96,21,1,24,91,108,79,3,108,4,9,0,15,3,1,0.275728155,"Bo-gyeong Moon","sa3015048",
2024,"Seung Yeup Na 나승엽","Giants (KBO)",22,121,407,489,127,81,35,4,7,59,66,69,1,83,4,7,2,4,1,0,0.312039312,"Seung Yeup Na","sa3015054",
2025,"Seung Yeup Na 나승엽","Giants (KBO)",23,105,328,392,75,52,12,2,9,40,44,55,2,65,5,1,3,10,0,0,0.228658536,"Seung Yeup Na","sa3015054",
2022,"Whee Jip Kim 김휘집","Heroes (KBO)",20,112,333,393,74,53,12,1,8,40,36,39,0,115,14,4,3,6,0,0,0.222222222,"Whee Jip Kim","sa3015123",
2023,"Whee Jip Kim 김휘집","Heroes (KBO)",21,110,369,435,92,62,22,0,8,46,51,48,0,97,5,7,6,8,0,0,0.249322493,"Whee Jip Kim","sa3015123",
2025,"Whee Jip Kim 김휘집","Dinos (KBO)",23,142,429,500,107,70,18,2,17,64,56,40,0,89,27,2,2,9,10,2,0.249417249,"Whee Jip Kim","sa3015123",
2023,"Ju Won Kim 김주원","Dinos (KBO)",20,127,403,474,94,73,9,2,10,56,54,44,1,106,15,4,8,6,15,3,0.23325062,"Ju Won Kim","sa3015141",
2024,"Ju Won Kim 김주원","Dinos (KBO)",21,134,385,475,97,68,18,2,9,61,49,51,1,111,25,5,9,5,16,6,0.251948051,"Ju Won Kim","sa3015141",
2025,"Ju Won Kim 김주원","Dinos (KBO)",22,144,539,624,156,107,26,8,15,98,65,63,1,111,16,2,4,8,44,11,0.28942486,"Ju Won Kim","sa3015141",
2026,"Ju Won Kim 김주원","Dinos (KBO)",23,60,234,272,69,49,9,0,11,33,29,22,1,34,12,3,1,0,15,2,0.294871794,"Ju Won Kim","sa3015141",
2022,"Hyeon Joon Kim 김현준","Lions (KBO)",19,118,363,422,100,77,19,4,0,57,22,45,0,80,6,0,8,1,6,2,0.275482093,"Hyeon Joon Kim","sa3017998",
2023,"Hyeon Joon Kim 김현준","Lions (KBO)",20,109,433,479,119,100,10,6,3,62,46,30,0,84,5,3,8,5,5,5,0.274826789,"Hyeon Joon Kim","sa3017998",
2023,"Jae Hyeon Lee 이재현","Lions (KBO)",20,143,458,538,114,81,19,2,12,61,60,52,0,89,6,6,16,9,5,3,0.248908296,"Jae Hyeon Lee","sa3018058",
2024,"Jae Hyeon Lee 이재현","Lions (KBO)",21,109,389,458,101,68,18,1,14,71,66,58,1,83,8,3,0,8,2,1,0.259640102,"Jae Hyeon Lee","sa3018058",
2025,"Jae Hyeon Lee 이재현","Lions (KBO)",22,139,457,555,116,70,29,1,16,82,67,69,1,119,11,8,10,8,6,1,0.253829321,"Jae Hyeon Lee","sa3018058",
2024,"Do Yeong Kim 김도영","Tigers (KBO)",20,141,544,625,189,112,29,10,38,143,109,66,7,110,7,7,1,10,40,4,0.34742647,"Do Yeong Kim","sa3018059",
2026,"Do Yeong Kim 김도영","Tigers (KBO)",22,62,227,268,63,34,9,1,19,44,52,34,4,41,5,2,0,6,3,0,0.277533039,"Do Yeong Kim","sa3018059",
2022,"Nicholas Martini 마티니","Dinos (KBO)",32,139,510,576,152,101,34,1,16,67,85,51,5,86,8,7,0,8,13,4,0.298039215,"Nicholas Martini","sa3018063",
2022,"Michael Tauchman 터크먼","Eagles (KBO)",31,144,575,648,166,114,36,4,12,88,43,64,5,104,7,2,0,12,19,11,0.288695652,"Michael Tauchman","sa3018075",
2026,"In Seo Heo 허인서","Eagles (KBO)",22,52,150,171,43,28,4,0,11,30,36,13,2,47,4,2,2,1,0,1,0.286666666,"In Seo Heo","sa3018204",
2024,"Seong Bin Hwang 황성빈","Giants (KBO)",26,125,366,406,117,90,15,8,4,94,26,31,0,56,2,1,6,3,51,10,0.319672131,"Seong Bin Hwang","sa3018222",
2023,"Dong Hee Yoon 윤동희","Giants (KBO)",19,107,387,423,111,90,18,1,2,45,41,28,0,69,1,5,2,10,3,6,0.286821705,"Dong Hee Yoon","sa3018265",
2024,"Dong Hee Yoon 윤동희","Giants (KBO)",20,141,532,613,156,103,35,4,14,97,85,67,1,114,7,5,2,10,7,8,0.293233082,"Dong Hee Yoon","sa3018265",
2025,"Dong Hee Yoon 윤동희","Giants (KBO)",21,97,330,399,93,62,21,1,9,54,53,49,2,65,11,6,3,12,4,2,0.281818181,"Dong Hee Yoon","sa3018265",
2024,"Young Woong Kim 김영웅","Lions (KBO)",20,126,456,509,115,68,16,3,28,65,79,45,0,155,3,4,1,2,9,2,0.252192982,"Young Woong Kim","sa3020665",
2025,"Young Woong Kim 김영웅","Lions (KBO)",21,125,446,499,111,65,22,2,22,66,72,48,3,143,2,3,0,6,6,2,0.248878923,"Young Woong Kim","sa3020665",
2026,"Min Suk Kim 김민석","Bears (KBO)",22,56,175,199,48,35,9,1,3,25,20,22,0,39,0,1,1,1,2,0,0.274285714,"Min Suk Kim","sa3020694",
2023,"Min Suk Kim 김민석","Giants (KBO)",19,129,400,454,102,75,24,0,3,53,39,31,1,112,6,5,12,6,16,3,0.255,"Min Suk Kim","sa3020694",
2023,"Hyun Bin Moon 문현빈","Eagles (KBO)",19,137,428,481,114,85,22,2,5,47,49,33,2,84,6,5,9,7,5,1,0.26635514,"Hyun Bin Moon","sa3020698",
2025,"Hyun Bin Moon 문현빈","Eagles (KBO)",21,141,528,592,169,125,30,2,12,71,80,38,2,82,10,11,5,10,17,6,0.320075757,"Hyun Bin Moon","sa3020698",
2026,"Hyun Bin Moon 문현빈","Eagles (KBO)",22,58,228,271,66,39,14,4,9,41,43,36,0,29,3,3,1,10,3,1,0.289473684,"Hyun Bin Moon","sa3020698",
2026,"Gun Hee Kim 김건희","Heroes (KBO)",21,60,183,208,43,29,9,0,5,15,28,20,1,63,0,3,2,3,0,0,0.234972677,"Gun Hee Kim","sa3020912",
2024,"Young Mook Hwang 황영묵","Eagles (KBO)",24,123,349,389,105,90,8,4,3,52,35,31,0,56,5,1,3,6,4,7,0.300859598,"Young Mook Hwang","sa3023498",
2025,"Jun Jae Jeong 정준재","Landers (KBO)",22,132,371,442,91,78,10,3,0,58,25,51,0,93,3,1,16,4,37,8,0.245283018,"Jun Jae Jeong","sa3023563",
2026,"Jun Jae Jeong 정준재","Landers (KBO)",23,58,190,226,58,45,7,5,1,30,23,22,0,31,1,3,10,4,7,4,0.305263157,"Jun Jae Jeong","sa3023563",
2025,"Hyun Min Ahn 안현민","Wiz (KBO)",21,112,395,482,132,87,19,4,22,72,80,75,5,72,9,3,0,4,7,1,0.334177215,"Hyun Min Ahn","sa3023680",
2026,"Jae Hyun Park 박재현","Tigers (KBO)",19,58,209,227,59,44,7,0,8,31,30,14,0,47,0,0,4,1,12,2,0.28229665,"Jae Hyun Park","sa3066881",
2024,"Mel Rojas Jr. 로하스","Wiz (KBO)",34,144,572,670,188,116,39,1,32,108,112,88,9,115,6,4,0,10,2,1,0.328671328,"Mel Rojas Jr.","sa548194",
2024,"Ho-young Son 손호영","Giants (KBO)",29,100,396,428,126,78,26,4,18,70,78,17,2,65,9,5,1,5,7,4,0.318181818,"Ho-young Son","sa830429",
2024,"Yonathan Perlaza 페라자","Eagles (KBO)",25,122,455,522,125,77,24,0,24,75,70,63,5,129,2,2,0,6,7,5,0.274725274,"Yonathan Perlaza","sa917302",
2026,"Yonathan Perlaza 페라자","Eagles (KBO)",27,60,233,278,77,49,14,1,13,54,40,39,4,51,1,3,2,6,7,3,0.330472103,"Yonathan Perlaza","sa917302",