Name,Team,Age,PA,BB%,K%,BB/K,AVG,OBP,SLG,OPS,ISO,Spd,BABIP,wSB,wRC,wRAA,wOBA,wRC+,NameASCII,PlayerId,MLBAMID
"Aaron Altherr 알테어","Dinos (KBO)","—",565,0.100884955,0.276106194,0.365384615,0.272357723,0.357522123,0.514227642,0.871749765,0.241869919,5.512321220283612,0.330097087,1.6321942132199183,92.26741026778105,22.862733264158997,0.39506722978757924,132.94119971621777,"Aaron Altherr","11270",
"Dixon Machado 마차도","Giants (KBO)","—",539,0.107606679,0.120593692,0.892307692,0.278969957,0.358878504,0.360515021,0.719393525,0.081545064,4.326183018351202,0.310173697,-0.7885864344425499,65.84316479982373,-0.36766866026882555,0.343128428142169,99.44470014791398,"Dixon Machado","11472",
"Henry Ramos 라모스","- - -","—",428,0.072429906,0.18224299,0.397435897,0.295039164,0.349765258,0.46997389,0.819739148,0.174934726,4.757511120924537,0.33444816,-0.7120774227660149,62.942241135996284,6.581449870031782,0.3643678691807915,111.34024586634564,"Henry Ramos","11481",
"Sócrates Brito 소크라테스","- - -","—",1764,0.071995464,0.142857142,0.503968253,0.301921884,0.352040816,0.491010539,0.843051355,0.189088655,5.347975885723767,0.32243346,-0.5286221706774086,270.80322440376733,53.26055093517759,0.3771556279702818,124.6936702383113,"Socrates Brito","12944",
"Patrick Wisdom 위즈덤","Tigers (KBO)","—",486,0.106995884,0.292181069,0.366197183,0.235849056,0.320987654,0.535377358,0.856365012,0.299528302,3.917747754618488,0.256916996,0.20776524487882853,74.47809586071547,15.346769036288817,0.3759480195104583,125.95370315612331,"Patrick Wisdom","13602",
"Preston Tucker 터커","Tigers (KBO)","—",539,0.113172541,0.122448979,0.924242424,0.237179487,0.333951762,0.35042735,0.684379112,0.113247863,1.28319455875,0.258227848,-0.1772463956149295,59.36763107653918,-6.843202383553361,0.3279635468601737,89.66452765214324,"Preston Tucker","13633",
"Yasiel Puig 푸이그","- - -","—",719,0.09735744,0.19193324,0.507246376,0.260731319,0.347705146,0.440381558,0.788086704,0.179650239,2.604585724513546,0.292735042,-0.5242249385919422,101.35627248092848,16.671274221980163,0.36240937508912474,120.19107423620383,"Yasiel Puig","14225",
"Anthony Alford 알포드","- - -","—",870,0.091954022,0.264367816,0.347826086,0.288113695,0.358620689,0.475452196,0.834072885,0.187338501,5.573949789357423,0.371647509,2.1240999528672546,133.58889270730361,31.522105717733957,0.3812904058510382,130.91474371307748,"Anthony Alford","14329",
"Jake Cave 케이브","Bears (KBO)","—",593,0.072512647,0.195615514,0.370689655,0.299256505,0.350758853,0.462825278,0.813584131,0.163568773,6.213794850922424,0.350241545,2.3410486676730216,86.67575416147822,14.525801883937064,0.3670457210895178,120.13279486043216,"Jake Cave","14477",
"Victor Reyes 레이예스","- - -","—",1542,0.083657587,0.116731517,0.716666666,0.338628158,0.391699092,0.495306859,0.887005951,0.156678701,3.3640017610247575,0.36302521,0.21431403351016343,261.64765110150796,64.25631942883948,0.3939069560158394,132.51570305927763,"Victor Reyes","15487",
"Jason Martin 마틴","Dinos (KBO)","—",503,0.113320079,0.212723658,0.53271028,0.28275862,0.359840954,0.455172413,0.815013367,0.172413793,4.7771954258315565,0.330218068,1.3242926793172956,74.09094521285692,14.85448589803377,0.3747577876625899,125.07659314863308,"Jason Martin","16429",
"Luis Liberato 리베라토","Eagles (KBO)","—",546,0.084249084,0.172161172,0.489361702,0.31300813,0.366300366,0.524390243,0.890690609,0.211382113,4.280212638463427,0.347150259,-0.1603353712707758,92.9250010425465,26.49351041263508,0.39724787731310385,139.8809512799132,"Luis Liberato","17307",
"Sam Hilliard 힐리어드","Wiz (KBO)","—",273,0.098901098,0.289377289,0.341772151,0.276859504,0.344322344,0.508264462,0.852586806,0.231404958,6.774910372036371,0.35064935,0.021150849759578705,42.087098320375624,7.592881028901282,0.37907313711040624,122.01204035082704,"Sam Hilliard","17954",
"Austin Dean 오스틴","- - -","—",1960,0.103061224,0.131632653,0.782945736,0.319322825,0.388265306,0.572679509,0.960944815,0.253356684,4.4291823893013635,0.319595083,-2.6792496035341173,373.0529468236171,127.38994214214908,0.4221552361916833,152.10192562129808,"Austin Dean","18288",
"Daz Cameron 카메론","Bears (KBO)","—",263,0.098859315,0.171102661,0.577777777,0.296137339,0.372623574,0.497854077,0.870477651,0.201716738,6.6885662497600435,0.333333333,1.3012346625328064,43.70241715345946,10.47172430489626,0.39374617818643837,131.51220575694086,"Daz Cameron","18353",
"Lewin Díaz 디아즈","- - -","—",1017,0.09439528,0.166175024,0.568047337,0.301446051,0.368731563,0.580645161,0.949376724,0.27919911,1.7531794545798356,0.300295857,-0.5687758580315858,187.09288500706617,60.49398318390313,0.41435477783381347,148.53785479425187,"Lewin Diaz","18365",
"ByungHo Park 박병호","- - -","—",2095,0.098806682,0.275417661,0.358752166,0.249586776,0.337947494,0.469972451,0.807919945,0.220385675,2.3706708682054876,0.296875,-0.32209752895869315,299.5189697877949,42.99841508134061,0.36597850214766725,117.50033792994384,"ByungHo Park","18497",
"Hyun Soo Kim 김현수","- - -","—",3168,0.109217171,0.105744949,1.03283582,0.290415913,0.369984202,0.424593128,0.79457733,0.134177215,2.823224105328573,0.306148055,-1.5411408469080925,455.6910809127618,65.60064652543554,0.366384383247207,117.28923523982957,"Hyun Soo Kim","18718",
"Guillermo Heredia 에레디아","- - -","—",1797,0.063995548,0.143016138,0.447470817,0.330882352,0.383073496,0.487745098,0.870818594,0.156862746,2.5864739926009515,0.362546816,-5.126017141155899,300.6294582114158,74.81080151354652,0.3933238792045234,133.11408700135013,"Guillermo Heredia","18721",
"Dae-Ho Lee 이대호","- - -","—",1056,0.072916666,0.100378787,0.726415094,0.311458333,0.362689393,0.478125,0.840814393,0.166666667,0.45348587749999997,0.311893203,-0.5215474753640592,162.139747255435,36.13261870383261,0.38066191991246223,129.0916657752224,"Dae-Ho Lee","18722",
"José Miguel Fernández 페르난데스","- - -","—",1167,0.085689802,0.068551842,1.25,0.3120229,0.372750642,0.421755725,0.794506367,0.109732825,1.2444302287510103,0.319415448,-1.4623856832040474,168.8795891987751,28.979685603327574,0.36929124481079917,120.49030692345511,"Jose Miguel Fernandez","19254",
"Jose Rojas 로하스","Bears (KBO)","—",464,0.118534482,0.146551724,0.808823529,0.253101736,0.344827586,0.473945409,0.818772995,0.220843673,2.710087565801997,0.260188087,-0.7509997354354709,68.59603706668804,13.952464259376022,0.37545873644032,125.53358710378653,"Jose Rojas","19331",
"Jae-Gyun Hwang 황재균","- - -","—",2509,0.08489438,0.173375846,0.489655172,0.275221238,0.339607529,0.390265486,0.729873015,0.115044248,3.8559175862368034,0.321787709,-3.20545671263244,304.6935313062895,-3.652027262545797,0.33856343389659005,99.43908262818779,"Jae-Gyun Hwang","19369",
"Zach Reks 렉스","- - -","—",485,0.111340206,0.202061855,0.551020408,0.289786223,0.375257731,0.42280285,0.798060581,0.133016627,3.5469787367976804,0.349206349,-0.19562991452403367,70.47845282399196,13.664783932204429,0.369895098610876,124.21146059874211,"Zach Reks","19667",
"Ronnie Dawson 도슨","- - -","—",690,0.082608695,0.137681159,0.6,0.332242225,0.398550724,0.48772504,0.886275764,0.155482815,4.832383743324504,0.371316306,-0.1746978098526597,121.624301702141,32.90318571066779,0.4027508046316064,137.21416304973025,"Ronnie Dawson","19710",
"Shin-Soo Choo 추신수","- - -","—",1843,0.149755832,0.200759631,0.745945945,0.262458471,0.387710712,0.423255813,0.810966525,0.160797342,4.873508037854444,0.310847766,1.2357747735222802,283.6700461182848,59.03305645027314,0.38037970146714045,126.65383307812176,"Shin-Soo Choo","3174",
"Jung Hoo Lee 이정후","- - -","—",1558,0.113607188,0.059050064,1.923913043,0.345211581,0.422978177,0.527097253,0.95007543,0.181885672,4.9778035215873055,0.347087378,0.658445444656536,298.78998226959817,113.30678697962875,0.43018478112506,161.12728238254311,"Jung Hoo Lee","33824",
"Hyeseong Kim 김혜성","- - -","—",2385,0.090566037,0.133333333,0.679245283,0.320692883,0.381132075,0.418071161,0.799203236,0.097378278,6.992900444495012,0.363036303,16.5466645200504,349.2007757248928,55.92664691532157,0.36996500840584773,119.27863340755567,"Hyeseong Kim","35322",
"Sung-Mun Song 송성문","- - -","—",2561,0.094103865,0.126122608,0.74613003,0.288469969,0.354346123,0.44278825,0.797134373,0.154318281,5.295220687010966,0.307571801,6.205942806787789,363.3647207306652,48.10741348433778,0.36140280708153544,114.19279862586508,"Sung-Mun Song","37122",
"José Pirela 피렐라","- - -","—",1860,0.083333333,0.128494623,0.648535564,0.304062126,0.369892473,0.494623655,0.864516128,0.190561529,4.270140631027798,0.318480642,-1.2258533174172044,302.3938294755988,80.93784774418404,0.3928242285312485,136.77143341199837,"Jose Pirela","5485",
"Jamie Romak 로맥","Landers (KBO)","—",421,0.140142517,0.197149643,0.710843373,0.225352112,0.339667458,0.425352112,0.76501957,0.2,2.183059123258685,0.235294117,0.06431483116466552,55.865941732039374,4.150244354119228,0.356432996903147,108.02511532193155,"Jamie Romak","5552",
"Matt Davidson 데이비슨","- - -","—",1208,0.062913907,0.252483443,0.249180327,0.294392523,0.355960264,0.597196261,0.953156525,0.302803738,2.358803786097094,0.323319027,-1.0151023815851659,222.22242482751054,66.65002962201281,0.4105467740787246,142.80225244899034,"Matt Davidson","7226",
"Hun Gon Kim 김헌곤","- - -","—",1181,0.066892464,0.136325148,0.490683229,0.255857544,0.311965811,0.337394564,0.649360375,0.08153702,3.9144492298531843,0.285238623,-2.180684694321826,113.0349766978785,-34.371842273159345,0.3042880149478586,75.42313201004043,"Hun Gon Kim","sa3011906",
"Bon Ki Shin 신본기","- - -","—",571,0.108581436,0.190893169,0.568807339,0.229299363,0.32789855,0.301486199,0.629384749,0.072186836,2.3524961753586426,0.28021978,-1.4351635915227234,54.856992235105125,-15.910199562389765,0.3053895690734836,76.52743601085463,"Bon Ki Shin","sa3011910",
"Byeong-woo Jeon 전병우","- - -","—",997,0.116349047,0.29889669,0.389261744,0.213510253,0.32892057,0.338962605,0.667883175,0.125452352,2.8147317551534394,0.300387596,-0.878916522487998,106.08842663207822,-16.735291274992882,0.3196093353170381,86.02623657336036,"Byeong-woo Jeon","sa3011926",
"Yongkyu Lee 이용규","- - -","—",1315,0.12851711,0.114828897,1.119205298,0.262727272,0.368663594,0.317272727,0.685936321,0.054545455,6.2438239952111605,0.299582463,3.0600329301087186,155.85188210954445,-5.5013112927459025,0.33411416315115416,95.60627261752839,"Yongkyu Lee","sa3012015",
"Jaeho Kim 김재호","- - -","—",971,0.109165808,0.117404737,0.929824561,0.247831474,0.340811965,0.3110285,0.651840465,0.063197026,2.6209034043678243,0.278335724,-0.48454121057875454,100.44297580788961,-17.54175360132823,0.31532188197019523,84.84792379912295,"Jaeho Kim","sa3012016",
"Minho Kang 강민호","- - -","—",2476,0.091276252,0.134894991,0.676646706,0.279908675,0.350990699,0.444748858,0.795739557,0.164840183,2.154121630341206,0.294672586,-1.7467424889327958,347.75120628573654,43.3302362630582,0.3617287376019231,114.15411941657888,"Minho Kang","sa3012023",
"Jeong Choi 최정","- - -","—",2781,0.122977346,0.193096008,0.636871508,0.278283485,0.386829794,0.547464239,0.934294033,0.269180754,3.986019302224252,0.290577507,-0.7630097504006699,509.68053676297785,166.98543138911845,0.41544966840865133,148.8100977806429,"Jeong Choi","sa3012034",
"Euiji Yang 양의지","- - -","—",2828,0.105374823,0.110678925,0.952076677,0.308484349,0.392503536,0.502883031,0.895386567,0.194398682,2.5633211853183027,0.311949069,-0.8457251857034862,490.48863921794305,142.68838284644494,0.40366975757545703,141.47286257794573,"Euiji Yang","sa3012037",
"Ah-seop Son 손아섭","- - -","—",2720,0.08492647,0.130147058,0.652542372,0.301593788,0.361152141,0.391499795,0.752651936,0.089906007,4.216097908313688,0.342570473,-2.0180446258746088,355.0243106702804,23.580653704190247,0.3506687800060073,107.70116078834909,"Ah-seop Son","sa3012050",
"Taegun Kim 김태군","- - -","—",1484,0.058625336,0.101078167,0.58,0.258487654,0.322692574,0.352623456,0.67531603,0.094135802,1.860450108608688,0.274165202,-1.3046189671149477,155.0431738013027,-27.351759571433302,0.31678337028574993,85.10682611133288,"Taegun Kim","sa3012057",
"Geonchang Seo 서건창","- - -","—",1377,0.110384894,0.136528685,0.808510638,0.25510204,0.347794117,0.341836734,0.689630851,0.086734694,5.23026714968727,0.29322548,-0.16970587614923716,157.5409748277499,-12.926706550376267,0.32938497226380564,91.48833740533321,"Geonchang Seo","sa3012058",
"Junwoo Jeon 전준우","- - -","—",2834,0.086803105,0.137614678,0.63076923,0.306714342,0.37009544,0.447755264,0.817850704,0.141040922,3.4194961864284616,0.337773549,-1.8599313601152971,426.2757425736684,78.18562780134872,0.37486316051405427,122.72099129648068,"Junwoo Jeon","sa3012061",
"Kyoung-min Hur 허경민","- - -","—",2562,0.074941451,0.06635441,1.129411764,0.287163652,0.356835095,0.386854874,0.743689969,0.099691222,3.3386037087596945,0.295356629,-2.1293771258788183,330.9303735447512,15.992106656490371,0.34725306481415724,104.84566790224041,"Kyoung-min Hur","sa3012064",
"Sang-soo Kim 김상수","- - -","—",2344,0.104948805,0.130546075,0.803921568,0.261127596,0.344603381,0.334322453,0.678925834,0.073194857,3.30019589390217,0.297612114,-5.079898817115463,259.09155194510595,-30.11282502065524,0.3244572560991914,89.48717947264345,"Sang-soo Kim","sa3012065",
"Hoon Jung 정훈","- - -","—",1659,0.103074141,0.179023508,0.575757575,0.266023432,0.343465045,0.392832529,0.736297574,0.126809097,3.19463910207595,0.310132158,0.918433558777906,204.71713434131,0.47291722864958885,0.34087427129074704,100.07676622753023,"Hoon Jung","sa3012191",
"Tae-gon Oh 오태곤","- - -","—",1541,0.077222582,0.23880597,0.323369565,0.243599122,0.310276679,0.389904901,0.70018158,0.146305779,6.4313585402034565,0.299277605,8.54420757247135,168.40460210120395,-21.372586065772015,0.322182826555208,88.23494753131523,"Tae-gon Oh","sa3012193",
"Kang-nam Yoo 유강남","- - -","—",1922,0.070239334,0.183662851,0.38243626,0.253231492,0.325288562,0.368977673,0.694266235,0.115746181,1.838472113057904,0.294251134,-1.5716292472789064,212.57304135470167,-20.400444860174517,0.3254834394109168,91.71447761664403,"Kang-nam Yoo","sa3012221",
"Jong-wook Ko 고종욱","- - -","—",782,0.062659846,0.175191815,0.357664233,0.281163434,0.324358974,0.37534626,0.699705234,0.094182826,3.151939339839954,0.329896907,-1.5146556991385296,86.17151228619267,-8.106180702322241,0.3254937953453162,91.70903661265834,"Jong-wook Ko","sa3012243",
"Ji-hyuk Ryu 류지혁","- - -","—",2368,0.099239864,0.160472972,0.618421052,0.275946876,0.360120326,0.339399901,0.699520227,0.063453025,5.014255212019577,0.330314009,3.6732394963037223,280.7900489214292,-9.003136208332487,0.33464266531643894,97.07590180125514,"Ji-hyuk Ryu","sa3012288",
"Sei-hyok Park 박세혁","- - -","—",1263,0.085510688,0.187648456,0.455696202,0.226449275,0.303787268,0.308876811,0.612664079,0.082427536,3.9633355790742923,0.275144508,-0.45469073217827827,107.77402983055272,-45.56476645722233,0.29275249204327985,70.45586971767013,"Sei-hyok Park","sa3012290",
"Jae-hyun Kim 김재현","- - -","—",613,0.032626427,0.218597063,0.149253731,0.22202166,0.265993265,0.276173285,0.54216655,0.054151625,2.2486555679602245,0.287735849,-0.8716223654337227,34.37077652693983,-44.228661514508765,0.25589737717551414,43.219342142056874,"Jae-hyun Kim","sa3012294",
"Ja-wook Koo 구자욱","- - -","—",2938,0.095302927,0.154526889,0.616740088,0.319535783,0.388263391,0.5172147,0.905478091,0.197678917,5.561161975267572,0.352514506,4.512582725146785,519.0592197612102,156.6242279097612,0.4060815465241435,142.5821068558186,"Ja-wook Koo","sa3012300",
"Hae-min Park 박해민","- - -","—",3068,0.094524119,0.152542372,0.619658119,0.280881793,0.357047428,0.361079437,0.718126865,0.080197644,6.655736107187074,0.3288807,7.301367377745919,374.9266157488061,-2.1261528988646656,0.33925343322801715,99.83142273179317,"Hae-min Park","sa3012304",
"Jun-tae Kim 김준태","- - -","—",587,0.12947189,0.264054514,0.49032258,0.238,0.337907375,0.362,0.699907375,0.124,3.1158051918802094,0.31858407,0.2564226003596559,67.59204115043508,-2.4965041123784983,0.33113249368274333,96.82397992974025,"Jun-tae Kim","sa3012310",
"Ju-suk Ha 하주석","- - -","—",1656,0.067028985,0.236111111,0.283887468,0.270053475,0.328239608,0.365641711,0.693881319,0.095588236,5.022241204771492,0.351648351,1.283243956626393,183.35725019751177,-18.6414344471873,0.324682180599892,90.5639834089492,"Ju-suk Ha","sa3012320",
"Seung-wook Park 박승욱","- - -","—",1219,0.087776866,0.271534044,0.323262839,0.258215962,0.333333333,0.344600938,0.677934271,0.086384976,5.453570072982868,0.364883401,-0.24197602516505867,130.68116993161584,-21.878012220536213,0.3193538985168091,85.58481485739026,"Seung-wook Park","sa3012327",
"Min-sik Kim 김민식","- - -","—",1039,0.115495668,0.181905678,0.634920634,0.21559633,0.313492063,0.293577981,0.607070044,0.077981651,1.848665215,0.260294117,-0.580980370985344,89.12323912651216,-36.87423456042134,0.29442657244146164,71.06797619692514,"Min-sik Kim","sa3012328",
"Yoo-seom Han 한유섬","- - -","—",2602,0.103766333,0.23289777,0.445544554,0.259902091,0.350404312,0.447708055,0.798112367,0.187805964,2.2539825563632476,0.310146777,-1.879113108268939,367.4657929126855,46.974492314898605,0.36328587279203284,115.39671760011075,"Yoo-seom Han","sa3012336",
"Min-woo Park 박민우","- - -","—",2413,0.09697472,0.127227517,0.762214983,0.30105465,0.382845188,0.406040268,0.788885456,0.104985618,6.812348686076211,0.341600901,11.119187718140893,349.66439355736856,51.85890152877455,0.3663670002333176,117.09627958481774,"Min-woo Park","sa3012337",
"Jin-sung Kang 강진성","- - -","—",744,0.077956989,0.153225806,0.508771929,0.237442922,0.31614654,0.333333333,0.649479873,0.095890411,4.051303577753091,0.271028037,1.3901233419310302,71.86211521454399,-18.576635082287154,0.30971245926472407,79.58204652687543,"Jin-sung Kang","sa3012344",
"Jin-hyuk No 노진혁","- - -","—",1595,0.104702194,0.231974921,0.451351351,0.264642082,0.345983554,0.406362979,0.752346533,0.141720897,3.089618469013399,0.333333333,0.15255028172396123,205.23973861307525,11.761847808665303,0.34906274738348075,106.8657942586374,"Jin-hyuk No","sa3012348",
"Seong-uk Kim 김성욱","- - -","—",816,0.079656862,0.235294117,0.338541666,0.214285714,0.29789864,0.364145658,0.662044298,0.149859944,5.284937269570216,0.252485089,-0.17254177504219115,79.09661800967746,-25.26640580786175,0.3067701982037246,76.03308832632302,"Seong-uk Kim","sa3012349",
"Sung-bum Na 나성범","- - -","—",2492,0.094703049,0.228330658,0.414762741,0.300137048,0.375752709,0.517587939,0.893340648,0.217450891,2.7745682791571364,0.355555555,-1.1905366971623152,428.2692215765055,121.83210754638274,0.40204848213956895,140.54708162366506,"Sung-bum Na","sa3012352",
"Seung-ho Kang 강승호","- - -","—",2383,0.058749475,0.250104909,0.234899328,0.257631822,0.311016949,0.402867715,0.713884664,0.145235893,6.168563223534458,0.328552803,3.0018541482277215,266.19835593502376,-28.10744795997284,0.3251956936353529,90.3301877927299,"Seung-ho Kang","sa3012361",
"Seung-hyun Jang 장승현","- - -","—",522,0.065134099,0.235632183,0.276422764,0.198660714,0.285148514,0.267857142,0.553005656,0.069196428,2.2181637722950676,0.260869565,-0.3295243983156979,35.552440978838526,-27.431595422075667,0.2720131574290814,56.16334209351744,"Seung-hyun Jang","sa3012365",
"In-tae Kim 김인태","- - -","—",1094,0.146252285,0.194698354,0.751173708,0.243660418,0.363970588,0.35170893,0.715679518,0.108048512,2.080221995191563,0.296622613,-1.9044585095252842,137.3863841259995,5.169345569066099,0.3445545010536004,104.04725587132066,"In-tae Kim","sa3012367",
"Woo-sung Lee 이우성","- - -","—",1642,0.087088915,0.185749086,0.468852459,0.288934426,0.354818907,0.398224043,0.75304295,0.109289617,3.4445232450597514,0.347902097,-0.2765995269874111,215.41822565160672,10.697978412732274,0.3493834635661199,105.33416510320384,"Woo-sung Lee","sa3012368",
"Woon-ho Jang 장운호","- - -","—",495,0.111111111,0.208080808,0.533980582,0.235576923,0.335390946,0.274038461,0.609429407,0.038461538,2.30661595765325,0.30599369,-2.6434759539552033,44.9029073576364,-14.930125995453885,0.30165770729792485,75.15212941672843,"Woon-ho Jang","sa3012393",
"Soo-kwang Ro 노수광","- - -","—",635,0.097637795,0.283464566,0.344444444,0.228260869,0.305958132,0.342391304,0.648349436,0.114130435,6.73931027711205,0.321621621,2.570494921063073,60.169885014471674,-15.089231411638591,0.3048763897149794,80.01327744118376,"Soo-kwang Ro","sa3012395",
"Seung-taek Han 한승택","- - -","—",641,0.107644305,0.248049921,0.433962264,0.195530726,0.29935275,0.253258845,0.552611595,0.057728119,1.3299873150000001,0.267379679,-0.3987809178652242,45.40197145681137,-32.716565909578854,0.27571090621855654,57.503749307921225,"Seung-taek Han","sa3012396",
"Jun-wan Kim 김준완","- - -","—",637,0.144427001,0.200941915,0.71875,0.2007722,0.328,0.25096525,0.57896525,0.05019305,3.2189813685632487,0.260759493,-0.6581772553035989,53.95204887929588,-20.655681956380306,0.2910506662368774,72.34031301423525,"Jun-wan Kim","sa3012408",
"Hui-dong Kwon 권희동","- - -","—",1864,0.145922746,0.148068669,0.985507246,0.267810026,0.38949079,0.399736147,0.789226937,0.131926121,3.0156542015044385,0.300164473,-1.3413643612293527,279.5739702653194,48.23261500113255,0.37197514390143377,120.3580572696952,"Hui-dong Kwon","sa3012415",
"Min-hyuck Kim 김민혁","- - -","—",2068,0.079787234,0.119439071,0.668016194,0.308028399,0.368706811,0.367012561,0.735719372,0.058984162,4.541128283717504,0.350943396,-3.4870547626633197,266.53968388204703,12.529680210996977,0.3465378867825226,104.46527620062096,"Min-hyuck Kim","sa3012419",
"Woo-jun Shim 심우준","- - -","—",1570,0.085350318,0.161146496,0.529644268,0.254002911,0.323759791,0.334788937,0.658548728,0.080786026,6.373959769739833,0.297127468,7.912336335284635,157.87143253302528,-34.88194429361866,0.31185086837947834,81.70895973496751,"Woo-jun Shim","sa3012420",
"Sang-chul Moon 문상철","- - -","—",1100,0.088181818,0.237272727,0.371647509,0.244582043,0.320547945,0.40247678,0.723024725,0.157894737,3.5306667600620685,0.29489051,0.5164533449569717,129.08674604684848,-8.757092644862954,0.33152846211478826,93.27852651971145,"Sang-chul Moon","sa3012421",
"Joong-yeol Ahn 안중열","- - -","—",565,0.120353982,0.219469026,0.548387096,0.20464135,0.31294964,0.3185654,0.63151504,0.11392405,1.8739299166669459,0.247813411,-0.5677959095919505,53.43648584976207,-14.998066506838693,0.3047466876266672,77.42541582798957,"Joong-yeol Ahn","sa3012428",
"Jun-won Jang 장준원","- - -","—",399,0.080200501,0.220551378,0.363636363,0.192528735,0.261096605,0.281609195,0.5427058,0.08908046,3.934846430808591,0.235294117,0.5160302224103361,23.476271766971816,-24.85524923746658,0.25882897037750124,49.27264317585824,"Jun-won Jang","sa3012436",
"Suk-hwan Yang 양석환","- - -","—",2561,0.076532604,0.237797735,0.32183908,0.257391304,0.32109375,0.452173913,0.773267663,0.194782609,2.8144085707674114,0.298321939,-1.6326033694203943,331.9582818646668,15.805610602044892,0.34862189776479335,105.23735231697378,"Suk-hwan Yang","sa3012438",
"Jung-dae Bae 배정대","- - -","—",2358,0.0971162,0.226887192,0.428037383,0.257575757,0.33776824,0.355816226,0.693584466,0.098240469,5.002182469985729,0.33067729,1.2604052807437256,264.7737298358077,-25.208212951958707,0.3267788794516287,91.35231688956752,"Jung-dae Bae","sa3012441",
"Ji-yeol Im 임지열","- - -","—",959,0.099061522,0.272158498,0.363984674,0.237812128,0.318611987,0.346016646,0.664628633,0.108204518,3.9200126347894164,0.318661971,-1.0951491831801832,97.69077142071916,-18.37210927414701,0.31390290449595726,85.0432521191258,"Ji-yeol Im","sa3012449",
"Byeong-wuk Lim 임병욱","- - -","—",603,0.046434494,0.303482587,0.153005464,0.249554367,0.288333333,0.399286987,0.68762032,0.14973262,5.804008280048593,0.336956521,1.1698635229840875,60.76141756174768,-13.694927623889798,0.31257354219754535,81.84822892280575,"Byeong-wuk Lim","sa3012450",
"Gye-beom Park 박계범","- - -","—",998,0.092184368,0.216432865,0.425925925,0.24504084,0.325796505,0.332555425,0.65835193,0.087514585,4.221380043467558,0.3114241,-1.6242847914109007,100.991417532941,-19.694033453086732,0.3137644484531744,83.38319054625664,"Gye-beom Park","sa3012458",
"Yoon-suk Oh 오윤석","- - -","—",1252,0.090255591,0.211661341,0.426415094,0.255338904,0.336601307,0.375116063,0.71171737,0.119777159,3.750795036973652,0.317955112,-1.2638877771096304,147.16125297855518,-6.03038526762345,0.3324766052638186,95.5953676413977,"Yoon-suk Oh","sa3012464",
"Chang-jin Lee 이창진","- - -","—",1343,0.128071481,0.16381236,0.781818181,0.255111111,0.354545454,0.345777777,0.700323231,0.090666666,4.222255467322062,0.300110741,-1.95071776479017,159.55630375629693,-4.35752819293708,0.3349356793652347,97.72557130497964,"Chang-jin Lee","sa3012466",
"Han-wool Kang 강한울","- - -","—",776,0.088917525,0.213917525,0.41566265,0.262079062,0.326315789,0.310395314,0.636711103,0.048316252,3.811796336607766,0.339694656,-2.001441720407456,71.90835505951856,-20.923093391165985,0.3047200775900377,78.32264517311894,"Han-wool Kang","sa3012471",
"Chan-ho Park 박찬호","- - -","—",3000,0.097333333,0.116,0.839080459,0.281523809,0.351707811,0.358095238,0.709803049,0.076571429,5.9880137796350565,0.313948404,7.345130966277793,356.16527716739347,-13.595622435973397,0.3343614666393364,96.3874911564041,"Chan-ho Park","sa3012474",
"Si-wan Ji 지시완","- - -","—",396,0.085858585,0.287878787,0.298245614,0.224137931,0.305128205,0.356321839,0.661450044,0.132183908,1.29481792125,0.302222222,-0.1587191984290257,39.00255754145442,-8.34148453620614,0.3108873636986112,81.95295534723125,"Si-wan Ji","sa3012477",
"Yong-ho Cho 조용호","- - -","—",1399,0.114367405,0.149392423,0.765550239,0.266666666,0.352771778,0.314403292,0.66717507,0.047736626,4.21404961814069,0.317507418,-1.3206211957149208,150.6901282288353,-18.927400269337443,0.32241108243771616,89.6557291244872,"Yong-ho Cho","sa3012491",
"Tae-jin Kim 김태진","- - -","—",1418,0.051480959,0.141043723,0.365,0.256859756,0.294496068,0.31707317,0.611569238,0.060213414,4.16270291824187,0.2960644,-2.2945428531384096,111.73740785803544,-61.825930332281715,0.28552637387995733,65.00939849764983,"Tae-jin Kim","sa3012499",
"Jae-seong Kim 김재성","- - -","—",479,0.106471816,0.233820459,0.455357142,0.230392156,0.327004219,0.31617647,0.643180689,0.085784314,1.910432562292957,0.300675675,-0.5486115288222209,46.61367394299724,-10.628462162897797,0.3090387722654524,82.66530031881571,"Jae-seong Kim","sa3012516",
"Min-jae Shin 신민재","- - -","—",1588,0.11649874,0.109571788,1.06321839,0.287099179,0.374919198,0.336316181,0.711235379,0.049217002,6.69268381987493,0.326253186,-0.3333358747186139,198.75635245342124,-0.580927045155855,0.3410763722804663,99.59426086056895,"Min-jae Shin","sa3012520",
"Dae-in Hwang 황대인","- - -","—",1095,0.06849315,0.2,0.342465753,0.239919354,0.297989031,0.388104838,0.686093869,0.148185484,1.1071428525,0.271883289,-0.5183912793872878,112.16100065577376,-18.067543639060357,0.314896048154306,86.29966953196137,"Dae-in Hwang","sa3012545",
"Ho-ryung Kim 김호령","- - -","—",1054,0.084440227,0.274193548,0.307958477,0.250270855,0.325581395,0.381365113,0.706946508,0.131094258,5.994380486095187,0.341423948,0.7182427857769653,120.24766548779459,-9.412329308123875,0.32890644551017234,93.0024577118459,"Ho-ryung Kim","sa3012550",
"Do-yun Lee 이도윤","- - -","—",1353,0.055432372,0.172949002,0.32051282,0.252252252,0.299847792,0.319410319,0.619258111,0.067158067,5.228428098680694,0.307070707,-1.5100487550953403,113.16612517221404,-55.34237094835805,0.28991304536887835,66.74020727309733,"Do-yun Lee","sa3012554",
"Woong-bin Kim 김웅빈","- - -","—",644,0.111801242,0.27173913,0.411428571,0.218348623,0.324960753,0.321100917,0.64606167,0.102752294,2.110470120451846,0.299450549,-1.0292685880558565,63.19338315019214,-15.464089326171045,0.3106745331069272,80.49296232197915,"Woong-bin Kim","sa3012561",
"Chang-ki Hong 홍창기","- - -","—",2906,0.14384033,0.151066758,0.952164009,0.31252636,0.428620808,0.382960776,0.811581584,0.070434416,4.903644613676168,0.375193,-7.17783970606979,471.5990388672209,112.72051779733658,0.389392383761014,131.44686462410542,"Chang-ki Hong","sa3012570",
"Ki-yeon Kim 김기연","- - -","—",618,0.076051779,0.176375404,0.43119266,0.25045372,0.310855263,0.324863883,0.635719146,0.074410163,2.0042799142505054,0.297052154,-1.080161684192717,56.3256851269561,-22.674040185038447,0.29775163531303406,70.4891063749994,"Ki-yeon Kim","sa3012571",
"Soo-haeng Jo 조수행","- - -","—",1055,0.096682464,0.172511848,0.56043956,0.251933701,0.331378299,0.292817679,0.624195978,0.040883978,8.070325502207675,0.309491059,18.703929485171102,98.41371698195687,-33.78186204021225,0.3021541464118808,74.43273856168761,"Soo-haeng Jo","sa3012578",
"Sung-gyu Lee 이성규","- - -","—",722,0.0900277,0.300554016,0.29953917,0.215106732,0.317862165,0.408866995,0.72672916,0.193760263,6.023511800504155,0.275675675,-0.5827109394595027,86.47659278115053,-5.431827215349486,0.3321431320260178,92.65704556068496,"Sung-gyu Lee","sa3012587",
"Won-jun Choi 최원준","- - -","—",2188,0.090036563,0.129798903,0.693661971,0.289350649,0.361329026,0.389610389,0.750939415,0.10025974,6.3288065787060575,0.325980392,3.8895956609630957,290.5182211396319,16.38579052659098,0.3516659084750476,105.54042274746837,"Won-jun Choi","sa3012595",
"Jin-young Lee 이진영","- - -","—",1257,0.101829753,0.303102625,0.335958005,0.24,0.321628092,0.388181818,0.70980991,0.148181818,3.788837480130365,0.329041487,-1.8244978568982333,144.4673027256276,-7.412204339191753,0.33019938111210095,95.46887767883354,"Jin-young Lee","sa3012598",
"Tae-yean Kim 김태연","- - -","—",1949,0.098512057,0.198563365,0.496124031,0.274289099,0.353950103,0.388625592,0.742575695,0.114336493,3.322298167358549,0.334370139,-2.408027845318429,252.0329336765924,10.927481600991763,0.3463229644931194,104.07770546615299,"Tae-yean Kim","sa3012603",
"Jin-hyuk Jang 장진혁","- - -","—",799,0.086357947,0.237797246,0.363157894,0.236286919,0.304182509,0.341772151,0.64595466,0.105485232,5.305357969252668,0.298828125,-2.0195490184705704,75.05269806778301,-25.227049433232654,0.30094615474853226,74.0125366877934,"Jin-hyuk Jang","sa3012604",
"In-hwan Kim 김인환","- - -","—",963,0.072689511,0.252336448,0.288065843,0.238907849,0.298026998,0.360637087,0.658664085,0.121729238,2.2499192177391683,0.29935275,0.022435996681451797,91.93177879699205,-23.548248819031976,0.3055655790941559,80.37189739716398,"In-hwan Kim","sa3012607",
"Sang-hyeon Ahn 안상현","- - -","—",623,0.070626003,0.258426966,0.273291925,0.245931283,0.30629139,0.341772151,0.648063541,0.095840868,6.387728193556013,0.328125,0.8379534229170531,58.74114734440784,-18.124798322620588,0.3040333887599162,77.17607330936558,"Sang-hyeon Ahn","sa3012616",
"Jun-young Park 박준영","- - -","—",1031,0.091173617,0.280310378,0.325259515,0.217679558,0.303030303,0.355801104,0.658831407,0.138121546,5.439075013664683,0.289782244,0.9235732104862109,100.82751990583427,-26.07756875726693,0.3085011417035254,79.37454874808037,"Jun-young Park","sa3012619",
"Tae-hun Do 도태훈","- - -","—",889,0.106861642,0.160854893,0.664335664,0.210526315,0.334104046,0.285318559,0.619422605,0.074792244,3.8359251760964708,0.248263888,-0.1821996511425823,85.7914119055689,-23.215087101775328,0.3074298291294663,79.25703424248461,"Tae-hun Do","sa3012620",
"Yu-chan Lee 이유찬","- - -","—",916,0.087336244,0.218340611,0.4,0.2475,0.3203125,0.3125,0.6328125,0.065,6.0010302156902915,0.319467554,2.1251528311986476,85.5080264664365,-28.726573824219578,0.30166301004854695,74.64294688134922,"Yu-chan Lee","sa3012635",
"Seong-yoon Kim 김성윤","- - -","—",1133,0.097087378,0.123565754,0.785714285,0.304303278,0.378037803,0.419057377,0.79709518,0.114754099,8.169520637719696,0.341696535,6.283543885569088,166.46901721708392,27.929238477869976,0.36994612705160324,120.58945199260825,"Seong-yoon Kim","sa3012644",
"Min-su Kim 김민수","- - -","—",466,0.077253218,0.293991416,0.262773722,0.237288135,0.309368191,0.312348668,0.621716859,0.075060533,2.393436946626276,0.345454545,-0.8760455714073032,41.151838948695435,-15.108909392984136,0.29804391045456097,73.55007094307425,"Min-su Kim","sa3012647",
"Jeong-hun Lee 이정훈","- - -","—",644,0.108695652,0.215838509,0.503597122,0.275985663,0.363919129,0.358422939,0.722342068,0.082437276,1.4701089096474627,0.352517985,-1.2234589410945773,81.2298199659702,1.6266527897235648,0.3441588497978876,101.92296433070925,"Jeong-hun Lee","sa3012655",
"Seong-han Park 박성한","- - -","—",2938,0.120490129,0.14159292,0.850961538,0.294140934,0.380674002,0.392319873,0.772993875,0.098178939,3.853426364944292,0.338270425,-3.225180333829485,416.4099658226572,54.45765686984889,0.3630258188458074,114.96840741516387,"Seong-han Park","sa3012661",
"Baek-ho Kang 강백호","- - -","—",2396,0.120200333,0.177796327,0.676056338,0.296065259,0.380793319,0.477447216,0.858240535,0.181381957,2.7503522778029534,0.335637963,-2.822666590800509,388.87865022751856,89.58626384470034,0.38849345665348073,129.91602294068275,"Baek-ho Kang","sa3012665",
"Sung-ju Moon 문성주","- - -","—",2028,0.116370808,0.096153846,1.21025641,0.301788805,0.388363998,0.380842469,0.769206467,0.079053664,4.5821598080615615,0.330530401,-5.089578272891231,288.1084199649095,39.906575436592,0.36336488036534415,116.32824311147996,"Sung-ju Moon","sa3012668",
"Min-jae Jeon 전민재","- - -","—",915,0.057923497,0.186885245,0.30994152,0.272397094,0.321070234,0.355932203,0.677002437,0.083535109,4.010394900389803,0.32718894,-1.9333535948535427,94.1086708318846,-21.584353803430346,0.3141227839514613,82.00440041196973,"Min-jae Jeon","sa3012673",
"Jae-hyun Choo 추재현","- - -","—",477,0.081761006,0.199161425,0.410526315,0.237529691,0.317021276,0.344418052,0.661439328,0.106888361,4.147142484097475,0.29153605,-0.33891306875739247,48.412130455163904,-9.750511353226717,0.3150309443473816,83.16978164754336,"Jae-hyun Choo","sa3012679",
"Dong-hui Han 한동희","- - -","—",1500,0.084,0.168666666,0.498023715,0.268801191,0.334669338,0.407297096,0.741966434,0.138495905,1.277460558914144,0.302347417,-1.7076836782507598,186.37351216654287,6.187588485879756,0.3435010278456497,103.64701859996651,"Dong-hui Han","sa3012686",
"Won-seok Lee 이원석","- - -","—",853,0.093786635,0.234466588,0.4,0.21081081,0.294610778,0.275675675,0.570286453,0.064864865,7.337108344577726,0.276951672,2.9826769393403083,61.73373024675374,-44.230666066079095,0.2764548413767786,57.939899272352825,"Won-seok Lee","sa3012693",
"Eun-won Jung 정은원","- - -","—",1746,0.151775486,0.173539518,0.874587458,0.259106529,0.373556581,0.344329896,0.717886477,0.085223367,4.382890836468411,0.315236427,-2.4864717500749975,222.27564769503627,12.939482043357259,0.3472774070466874,106.22291482082012,"Eun-won Jung","sa3012695",
"Young-soo Oh 오영수","- - -","—",764,0.090314136,0.236910994,0.381215469,0.23283582,0.313570487,0.352238805,0.665809292,0.119402985,2.2237826639801446,0.288702928,-3.5795259117148817,77.68851595094708,-13.72602249214145,0.3127742797372209,84.97875379142457,"Young-soo Oh","sa3012702",
"Hyung-jun Kim 김형준","- - -","—",1082,0.106284658,0.327171903,0.324858757,0.217948717,0.306828811,0.394230769,0.70105958,0.176282052,2.3312150180544755,0.291208791,-0.2799746475648135,117.58755826842557,-20.125037641408344,0.3215716573766061,86.33273034557597,"Hyung-jun Kim","sa3012705",
"Bon-hyeok Gu 구본혁","- - -","—",1001,0.089910089,0.122877122,0.731707317,0.267281105,0.341862845,0.32718894,0.669051785,0.059907835,4.542236409123166,0.305740987,-1.060061120078899,106.27435496926897,-21.613780016893216,0.3175772685618674,83.46075252185115,"Bon-hyeok Gu","sa3012711",
"Seung-kyu Park 박승규","- - -","—",543,0.104972375,0.171270718,0.612903225,0.258547008,0.348880597,0.418803418,0.767684015,0.16025641,6.300673923704334,0.286908077,-0.08746590989176184,73.10772817739075,6.5217628271204875,0.35461773148206904,108.92122515373069,"Seung-kyu Park","sa3012721",
"Seung-min Go 고승민","- - -","—",1777,0.0962296,0.169386606,0.568106312,0.283982131,0.352440408,0.410976388,0.763416796,0.126994257,4.626952090309482,0.331210191,-3.4323675725609064,235.19256101135903,13.70791503374269,0.34972144520004567,105.9933476711222,"Seung-min Go","sa3012726",
"Sun-woo Oh 오선우","- - -","—",589,0.076400679,0.341256366,0.223880597,0.25323475,0.31409168,0.423290203,0.737381883,0.170055453,2.0360755247001263,0.359621451,-1.4008881233166903,71.09523997463386,-0.8458789213736846,0.33565464285813157,98.84535925357987,"Sun-woo Oh","sa3012730",
"Woo-hyuk Byun 변우혁","- - -","—",632,0.077531645,0.300632911,0.257894736,0.25,0.314873417,0.380208333,0.69508175,0.130208333,2.52305132362818,0.345013477,-0.27391070779412985,69.61808367647359,-8.629516908748661,0.3218256682865971,88.03635056532252,"Woo-hyuk Byun","sa3012733",
"Si-hwan Roh 노시환","- - -","—",3014,0.115129396,0.213669542,0.538819875,0.274329501,0.364420843,0.467049808,0.831470651,0.192720307,3.7532800160282243,0.319228709,-0.3581267037661746,457.4916177288159,85.8096666381225,0.3763156592265677,123.64590771797151,"Si-hwan Roh","sa3012734",
"Kang-min Kim 김강민","- - -","—",715,0.103496503,0.209790209,0.493333333,0.25203252,0.341325811,0.373983739,0.71530955,0.121951219,3.0399685156078684,0.304824561,-2.1870307588251308,84.4698696367627,-2.3217404700631343,0.33571176317566676,98.0776409931611,"Kang-min Kim","sa3012834",
"Hyoung-woo Choi 최형우","- - -","—",2774,0.131939437,0.165465032,0.79738562,0.282018659,0.382119682,0.466497031,0.848616713,0.184478372,2.073886851812312,0.311574328,-2.1289588056970388,442.6289451904304,101.52712823820177,0.38587976103708277,130.02935548894243,"Hyoung-woo Choi","sa3012871",
"Kyung-su Park 박경수","- - -","—",701,0.12553495,0.278174037,0.451282051,0.176174496,0.286956521,0.286912751,0.573869272,0.110738255,0.9831773306980154,0.236503856,-0.7583271209150553,51.80093510402699,-32.00714117334823,0.2788444078992374,61.313962101709365,"Kyung-su Park","sa3012911",
"Jae-il Oh 오재일","- - -","—",1731,0.112073945,0.253032928,0.442922374,0.254158349,0.336799537,0.454424484,0.791224021,0.200266135,1.969319359637061,0.306640625,-0.46444252028595656,234.41472703336547,22.7658357483036,0.3563850524475583,111.23734996510913,"Jae-il Oh","sa3013047",
"Won-seok Lee 이원석","- - -","—",1284,0.111370716,0.187694704,0.593360995,0.242700729,0.336463223,0.343065693,0.679528916,0.100364964,1.324027124236157,0.287558685,-0.7623722581192851,139.1464160117285,-16.05934416922166,0.32342840837664427,90.0466996554698,"Won-seok Lee","sa3013066",
"Joo-hwan Choi 최주환","- - -","—",2555,0.090019569,0.165949119,0.54245283,0.251211987,0.324578596,0.405464962,0.730043558,0.154252975,1.8246485154755847,0.275919732,-2.2141161779873073,302.8232680540313,-13.413392053938939,0.3345299644002027,96.00313840740336,"Joo-hwan Choi","sa3013103",
"Sung-hyun Kim 김성현","- - -","—",1291,0.093725793,0.115414407,0.812080536,0.247058823,0.322891566,0.321266968,0.644158534,0.074208145,3.4731858096670454,0.274058577,-0.7796703930944204,124.59842074681853,-31.834402419432642,0.3075691082086594,79.64982841971181,"Sung-hyun Kim","sa3013146",
"Jae-won Lee 이재원","- - -","—",943,0.081654294,0.15164369,0.538461538,0.227722772,0.304252998,0.295792079,0.600045077,0.068069307,1.842917654264481,0.261194029,-1.4180213492363691,74.62430915803706,-40.91400741963589,0.285168618847065,64.63135747994343,"Jae-won Lee","sa3013147",
"Myung-ki Lee 이명기","- - -","—",623,0.110754414,0.152487961,0.726315789,0.260223048,0.347471451,0.327137546,0.674608997,0.066914498,4.15836117643809,0.311512415,-0.8919496189337224,68.58479271738383,-5.6882675597205274,0.32503190553985645,92.44185217631455,"Myung-ki Lee","sa3013150",
"Do-hwan Hur 허도환","- - -","—",403,0.05459057,0.248138957,0.22,0.209580838,0.296296296,0.302395209,0.598691505,0.092814371,1.8103448422120905,0.281385281,-0.667860126006417,33.14670840961761,-16.66273770170384,0.2900090097750305,67.18771262452574,"Do-hwan Hur","sa3013160",
"Min-sung Kim 김민성","- - -","—",1268,0.098580441,0.180599369,0.545851528,0.228070175,0.319388576,0.34903047,0.668419046,0.120960295,1.9095288887761175,0.264600715,-2.8599803030956537,131.08955844277148,-22.937355483233894,0.31653154622162544,85.17597596372646,"Min-sung Kim","sa3013175",
"Hyung-jong Lee 이형종","- - -","—",1055,0.119431279,0.225592417,0.529411764,0.218468468,0.331739961,0.347972972,0.679712933,0.129504504,3.225958056507952,0.271721958,0.6782245346112177,115.50136423894996,-13.745542548207103,0.32433272838134913,89.25966864239317,"Hyung-jong Lee","sa3013195",
"Jae-hwan Kim 김재환","- - -","—",2745,0.134790528,0.251730418,0.535455861,0.249785038,0.355919854,0.441100601,0.797020455,0.191315563,2.8718541556047477,0.304263565,-2.0339669721433893,392.4647670902181,53.87771383597139,0.36456604459243785,115.67609379543894,"Jae-hwan Kim","sa3013200",
"Jae-hoon Choi 최재훈","- - -","—",2107,0.121974371,0.143806359,0.848184818,0.252220248,0.378809869,0.326228537,0.705038406,0.074008289,1.7540867724734905,0.293736501,-2.724806491401978,266.9810135008799,8.821031698773952,0.3450410393492658,103.57439474231651,"Jae-hoon Choi","sa3013205",
"Sung-woo Jang 장성우","- - -","—",2515,0.12166998,0.178926441,0.68,0.254765225,0.346277021,0.412831241,0.759108262,0.158066016,1.811915340351022,0.281724347,-1.783542764838785,328.87286436572344,18.760241747048223,0.3497081465830418,106.22281182114216,"Sung-woo Jang","sa3013216",
"Sun-bin Kim 김선빈","- - -","—",2639,0.09662751,0.079954528,1.208530805,0.30749354,0.379402756,0.389319552,0.768722308,0.081826012,2.762946621934405,0.329529243,1.0960255197715014,369.92929125669696,45.613576390774,0.36151815982283464,113.9873696054966,"Sun-bin Kim","sa3013220",
"Sun-jin Oh 오선진","- - -","—",813,0.077490774,0.195571955,0.396226415,0.242857142,0.316261203,0.295714285,0.611975488,0.052857143,2.2287537454764403,0.306839186,-0.8374629147583619,71.10181210635353,-26.23735314907381,0.2952807102252213,73.57304374989346,"Sun-jin Oh","sa3013231",
"Ji-hwan Oh 오지환","- - -","—",2710,0.105904059,0.195940959,0.540489642,0.260869565,0.345752608,0.413469735,0.759222343,0.15260017,5.085022472425182,0.305555555,-0.7320188183803111,357.6830184218747,25.42500839208195,0.35176168527734714,108.10494414284888,"Ji-hwan Oh","sa3013245",
"Eun-seong Chae 채은성","- - -","—",2710,0.075645756,0.173431734,0.436170212,0.277058086,0.350572589,0.4437944,0.794366989,0.166736314,2.3663403199790984,0.307154384,-4.429386136936955,381.137655156105,48.64590288922114,0.3621701422546591,114.85822907017936,"Eun-seong Chae","sa3013253",
"Kun-woo Park 박건우","- - -","—",2558,0.101250977,0.144253322,0.701897018,0.320771646,0.395931142,0.472409152,0.868340294,0.151637506,3.7923945716928325,0.357221006,-0.4569649585755542,430.57428915342484,117.20056996783413,0.39715580658624006,137.41338110670705,"Kun-woo Park","sa3013255",
"Soo-bin Jung 정수빈","- - -","—",2790,0.104301075,0.119713261,0.871257485,0.27125,0.355555555,0.36,0.715555555,0.08875,7.048375077248988,0.304411051,6.285435347817838,339.8398898392864,-4.78766722977676,0.3380226905479097,98.60977345078413,"Soo-bin Jung","sa3013258",
"Dong-won Park 박동원","- - -","—",2618,0.111535523,0.222307104,0.501718213,0.252899197,0.342735703,0.448706512,0.791442215,0.195807315,2.1424698451412265,0.290874524,-0.8455444994615391,363.3937045438849,40.828133176144284,0.35976910014306346,112.8301240462505,"Dong-won Park","sa3013271",
"Ji-young Lee 이지영","- - -","—",1658,0.051869722,0.098311218,0.527607361,0.26118421,0.304855562,0.321710526,0.626566088,0.060526316,4.167859757029388,0.285608856,0.15568841458298266,142.59944748410146,-62.36439541450578,0.29321707481230325,69.54967501169494,"Ji-young Lee","sa3013276",
"Chi-hong An 안치홍","- - -","—",2524,0.097068145,0.121632329,0.798045602,0.285131459,0.359856057,0.411151405,0.771007462,0.126019946,2.9788352017704907,0.308760683,-3.6938237950671464,342.59344575290254,31.369147365136623,0.35629746673765744,110.23027446124598,"Chi-hong An","sa3013286",
"Bo-keun Jeong 정보근","- - -","—",644,0.079192546,0.222049689,0.356643356,0.221238938,0.289389067,0.279646017,0.569035084,0.058407079,1.9841664887771346,0.286396181,-0.6826274289051071,44.47724296576898,-34.264391626644915,0.2722518633145257,57.25152226147975,"Bo-keun Jeong","sa3014210",
"Jun-su Han 한준수","- - -","—",859,0.096623981,0.168800931,0.572413793,0.273572377,0.346604215,0.42629482,0.772899035,0.152722443,1.58688699,0.309364548,-0.7485012584365904,115.37098956028876,6.150325580639228,0.3509816547702341,105.25098834968091,"Jun-su Han","sa3014211",
"Gweon-su An 안권수","- - -","—",623,0.094703049,0.133226324,0.710843373,0.278688524,0.349102773,0.327868852,0.676971625,0.049180328,6.125978199157953,0.323340471,-0.8701854143291712,68.10417057603102,-5.180405378048602,0.3240576583186006,93.10426650779125,"Gweon-su An","sa3014276",
"Ji-chan Kim 김지찬","- - -","—",2256,0.109485815,0.101063829,1.083333333,0.290880503,0.378304466,0.339098532,0.717402998,0.048218029,7.255576262685378,0.326215895,16.721133835846558,287.06366482864723,7.486767505515678,0.344503540962268,102.4681662377069,"Ji-chan Kim","sa3014279",
"Ji-hoon Choi 최지훈","- - -","—",3043,0.078540913,0.127177127,0.617571059,0.275405007,0.337662337,0.3910162,0.728678537,0.115611193,7.190973966898133,0.305290546,15.245189474895597,368.9305456358416,-5.192873172141793,0.33768560311588514,98.8408581095941,"Ji-hoon Choi","sa3014282",
"Jeong-won Choi 최정원","- - -","—",725,0.084137931,0.182068965,0.462121212,0.277147487,0.365819209,0.324149108,0.689968317,0.047001621,7.755226285516702,0.349075975,3.645513128954917,85.87814364722169,-5.050093478055823,0.33484205452062316,94.55556480204378,"Jeong-won Choi","sa3014290",
"Kyu-sung Kim 김규성","- - -","—",610,0.083606557,0.23114754,0.361702127,0.225325884,0.294612794,0.303538175,0.598150969,0.078212291,6.492158503254743,0.292620865,0.551300851511769,48.67384050190313,-25.320644459129742,0.2852458139059921,65.62648064291325,"Kyu-sung Kim","sa3014306",
"Sang-kwon Byeon 변상권","- - -","—",423,0.047281323,0.219858156,0.215053763,0.246851385,0.281323877,0.335012594,0.616336471,0.088161209,3.28776864,0.305921052,-0.20713086961768568,32.405768400727695,-22.390655004681168,0.28312521116107914,59.05122931897626,"Sang-kwon Byeon","sa3014307",
"Suk-hyun Han 한석현","- - -","—",443,0.063205417,0.225733634,0.28,0.239690721,0.306264501,0.327319587,0.633584088,0.087628866,5.229642958717283,0.306620209,-0.7760866085300222,39.97248373685842,-15.268908383860538,0.2987710865357083,72.20306632524218,"Suk-hyun Han","sa3014319",
"Ho-cheol Seo 서호철","- - -","—",1619,0.050030883,0.164916615,0.303370786,0.266757865,0.318439269,0.355677154,0.674116423,0.088919289,4.165240121531968,0.311392405,-3.3058318372350186,167.55826653511306,-34.80266524880148,0.3143343121244744,82.46131805690615,"Ho-cheol Seo","sa3014321",
"Seong Ho Cheon 천성호","- - -","—",679,0.072164948,0.159057437,0.453703703,0.27124183,0.334821428,0.351307189,0.686128617,0.080065359,6.699904112362436,0.324701195,1.717937067616731,74.06939365057127,-12.873114957531527,0.3213901327903509,85.11623241830227,"Seong Ho Cheon","sa3014323",
"In Ho Choi 최인호","- - -","—",732,0.099726775,0.172131147,0.579365079,0.261489698,0.348965517,0.37717908,0.726144597,0.115689382,4.663665942387003,0.309381237,0.4092753226868808,91.14161078506535,-0.9063178760426585,0.3413867474424428,99.18471987926775,"In Ho Choi","sa3014330",
"Jung Hyun Park 박정현","- - -","—",462,0.051948051,0.274891774,0.188976377,0.218309859,0.26431718,0.298122065,0.562439245,0.079812206,4.747322467382253,0.295918367,0.7805554196238518,29.492225647847633,-25.327006652076257,0.26552697937394026,54.01144487892349,"Jung Hyun Park","sa3014331",
"Myeong Jin Oh 오명진","- - -","—",458,0.085152838,0.233624454,0.364485981,0.263027295,0.328888888,0.382133995,0.711022883,0.1191067,4.987234653620197,0.33898305,-1.6584856354165822,52.060260379428776,-4.078828832392785,0.32649117176021847,92.67851163256778,"Myeong Jin Oh","sa3014344",
"Jae-won Lee 이재원","- - -","—",621,0.078904991,0.305958132,0.257894736,0.226277372,0.309178743,0.405109489,0.714288232,0.178832117,4.820575871615487,0.29498525,-0.053074498544447124,70.1093890033114,-4.1695640571963635,0.32881894847755494,94.68932045394713,"Jae-won Lee","sa3014346",
"Ju Hong Park 박주홍","- - -","—",666,0.121621621,0.294294294,0.413265306,0.20069808,0.30316742,0.286212914,0.589380334,0.085514834,6.5280105163148,0.292553191,2.146878246217966,52.898362603476315,-29.15841420323584,0.28506543809193496,64.51007856356712,"Ju Hong Park","sa3014359",
"Ho-yeon Lee 이호연","- - -","—",604,0.05629139,0.187086092,0.300884955,0.258589511,0.309882747,0.339963833,0.64984658,0.081374322,4.095636421941144,0.314220183,-0.08579675538931042,57.13902429550534,-14.983498311940382,0.3054199140743921,80.19934603705707,"Ho-yeon Lee","sa3014412",
"Ju Hyoung Lee 이주형","- - -","—",1415,0.078445229,0.22261484,0.352380952,0.263877715,0.348011363,0.40627514,0.754286503,0.142397425,5.824396417205578,0.329254727,3.4861853383481503,185.83119612848472,6.872494681832292,0.34892918421214425,104.38416581351017,"Ju Hyoung Lee","sa3014742",
"Dong Jin Kwon 권동진","- - -","—",534,0.121722846,0.299625468,0.40625,0.235682819,0.33460803,0.328193832,0.662801862,0.092511013,7.01087276790492,0.358361774,-0.22799757064785808,56.68668979138563,-8.73275044828226,0.31754982061185527,85.94746412074355,"Dong Jin Kwon","sa3014744",
"Jae Seok An 안재석","- - -","—",826,0.06779661,0.219128329,0.309392265,0.243315508,0.300852618,0.368983957,0.669836575,0.125668449,5.445488019901332,0.300711743,1.3223772273631766,81.22441960815819,-18.49825166221229,0.3091033422029935,81.09350174546687,"Jae Seok An","sa3014749",
"Myeong Jun Ko 고명준","- - -","—",943,0.053022269,0.221633085,0.239234449,0.270668176,0.309650053,0.424688561,0.734338614,0.154020385,2.3027716756256775,0.318952234,-1.4720101940911263,110.44120607764575,-9.539682289053477,0.33050462616223947,92.68801707338662,"Myeong Jun Ko","sa3014774",
"Doo-sung Chang 장두성","- - -","—",547,0.08226691,0.243144424,0.338345864,0.246887966,0.318435754,0.286307053,0.604742807,0.039419087,8.575061734770232,0.338068181,5.350956564070657,46.25888211716265,-21.30483082245737,0.2916440819450819,68.71400923276163,"Doo-sung Chang","sa3014778",
"Young Bin Lee 이영빈","- - -","—",454,0.070484581,0.325991189,0.216216216,0.217603911,0.276169265,0.327628361,0.603797626,0.11002445,5.488099135767227,0.311284046,-0.414297609240748,34.399259888272894,-21.832512460011834,0.2817164117881078,61.232464108819535,"Young Bin Lee","sa3015000",
"Bo-gyeong Moon 문보경","- - -","—",2694,0.121752041,0.166295471,0.732142857,0.28894691,0.374719521,0.453437771,0.828157292,0.164490861,3.8958852159271213,0.324130314,-3.522738821688108,413.58335345571396,81.06822855358477,0.3775027731725992,124.53618368587888,"Bo-gyeong Moon","sa3015048",
"Seung Yeup Na 나승엽","- - -","—",1120,0.133035714,0.177678571,0.748743718,0.265327695,0.366816143,0.403805496,0.770621639,0.138477801,3.145842565633331,0.312075983,-0.5848282160004601,156.37485798422983,12.83802419130495,0.35667096008714155,107.9661480720898,"Seung Yeup Na","sa3015054",
"Whee Jip Kim 김휘집","- - -","—",2040,0.096078431,0.222058823,0.432671081,0.242963813,0.337289812,0.379092475,0.716382287,0.136128662,3.5490646898179667,0.296031746,-1.6099584531039,244.43965740317137,-8.031943516790559,0.3350147896624626,96.93901734303024,"Whee Jip Kim","sa3015123",
"Ju Won Kim 김주원","- - -","—",2360,0.09618644,0.215254237,0.446850393,0.259,0.356252685,0.404,0.760252685,0.145,6.45540977301702,0.316298342,7.246213930193335,319.04954379489305,27.522150260113477,0.35448461899358996,109.41162072371414,"Ju Won Kim","sa3015141",
"Seoung Bin Son 손성빈","- - -","—",488,0.06762295,0.204918032,0.33,0.216400911,0.278586278,0.325740318,0.604326596,0.109339407,3.2720944275,0.256024096,-0.34828244254458696,36.91307917903546,-25.16590058137294,0.2814280358520714,59.31438995451879,"Seoung Bin Son","sa3017864",
"Hyeon Joon Kim 김현준","- - -","—",1110,0.077477477,0.191891891,0.403755868,0.265513733,0.332110091,0.336724313,0.668834404,0.07121058,5.433145214829995,0.333764553,-1.1169850482838228,115.58457518153928,-18.212842474047925,0.31731597764776387,87.56476756732262,"Hyeon Joon Kim","sa3017998",
"Jae Hyeon Lee 이재현","- - -","—",1921,0.104633003,0.183237896,0.571022727,0.250304506,0.338624338,0.403775883,0.742400221,0.153471377,3.6284038881727314,0.282747603,-1.1654407146852463,243.91549165048266,6.717108006259437,0.34347990316228344,102.46364513278701,"Jae Hyeon Lee","sa3018058",
"Do Yeong Kim 김도영","- - -","—",1654,0.102781136,0.180169286,0.570469798,0.305882352,0.381299332,0.54117647,0.922475802,0.235294118,7.882264637172515,0.337924701,10.664654933614656,298.4185400266167,90.29067842252218,0.40738148978173805,141.8950543207699,"Do Yeong Kim","sa3018059",
"Nicholas Martini 마티니","Dinos (KBO)","—",576,0.088541666,0.149305555,0.593023255,0.298039215,0.366319444,0.462745098,0.829064542,0.164705883,4.121317432828064,0.327710843,0.6136828421149403,87.13596747061288,19.997889734712,0.37576188953453105,129.78621135591212,"Nicholas Martini","sa3018063",
"Chan Hyeok Park 박찬혁","- - -","—",419,0.052505966,0.307875894,0.170542635,0.220207253,0.278177458,0.308290155,0.586467613,0.088082902,1.01785714,0.312,-0.2826435856986791,31.34895679850549,-18.445010448503787,0.27894694670784675,62.95113366892753,"Chan Hyeok Park","sa3018071",
"Michael Tauchman 터크먼","Eagles (KBO)","—",648,0.098765432,0.160493827,0.615384615,0.288695652,0.36574074,0.427826086,0.793566826,0.139130434,5.230693366190945,0.334056399,-1.1331126252189279,92.46836493075068,16.9380274778622,0.36466450212902823,122.42546246854408,"Michael Tauchman","sa3018075",
"Chan-ui Song 송찬의","- - -","—",427,0.077283372,0.271662763,0.284482758,0.222222222,0.317647058,0.384823848,0.702470906,0.162601626,5.598501221087275,0.286885245,-0.24582936381921172,48.50505055644679,-3.902268080328236,0.327457635122187,92.2970152197017,"Chan-ui Song","sa3018197",
"Seong Bin Hwang 황성빈","- - -","—",1383,0.066522053,0.151120751,0.440191387,0.2832,0.335787923,0.3632,0.698987923,0.08,8.692714543957592,0.334293948,7.377507305005565,156.3308134904228,-15.615475899902737,0.32516857046793063,90.14729465400616,"Seong Bin Hwang","sa3018222",
"Tae Yang Han 한태양","- - -","—",444,0.103603603,0.261261261,0.396551724,0.246753246,0.334862385,0.322077922,0.656940307,0.075324676,6.544406943061736,0.348314606,1.2700850151013583,45.86155476083251,-8.28344054112939,0.3145756684585449,84.40580190685232,"Tae Yang Han","sa3018255",
"Dong Hee Yoon 윤동희","- - -","—",1567,0.10082961,0.178047223,0.566308243,0.28058608,0.36025641,0.41098901,0.77124542,0.13040293,3.5466002633451565,0.330540037,-6.246499781496823,215.03530871682318,17.269109485675415,0.35527578224323186,108.33241533439002,"Dong Hee Yoon","sa3018265",
"Ui San Jeon 전의산","- - -","—",512,0.091796875,0.2890625,0.317567567,0.220043572,0.294921875,0.400871459,0.695793334,0.180827887,2.2227015871006572,0.277966101,-1.3891547694802284,53.53191694502744,-7.796789215160275,0.31822447200655235,89.24744696187649,"Ui San Jeon","sa3019044",
"Hyeong Woo Cho 조형우","- - -","—",617,0.059967585,0.19611021,0.305785123,0.226618705,0.285714285,0.311151079,0.596865364,0.084532374,1.832373265,0.273148148,-0.5342217355500907,47.542893039623735,-28.105210435946944,0.2816342112466032,62.568705832579134,"Hyeong Woo Cho","sa3019473",
"Jae-hwan Chun 천재환","- - -","—",801,0.052434456,0.218476903,0.24,0.245856353,0.297845373,0.370165745,0.668011118,0.124309392,6.438392743524678,0.299445471,-0.6619722978211939,78.67359840795365,-21.347258896380996,0.3070084271322185,78.03404308956472,"Jae-hwan Chun","sa3019748",
"Young Woong Kim 김영웅","- - -","—",1169,0.088109495,0.296834901,0.296829971,0.240228789,0.309012875,0.445185891,0.754198766,0.204957102,4.554846736844259,0.302891933,0.5542464735917747,143.5669524839559,-5.254543317254513,0.3368043928261263,96.16705255284185,"Young Woong Kim","sa3020665",
"Min Suk Kim 김민석","- - -","—",983,0.068158697,0.237029501,0.287553648,0.248009101,0.30713547,0.332195676,0.639331146,0.084186575,5.534337192343374,0.325617283,1.3726219467353076,89.49362229464995,-30.38713493289006,0.30056957438819765,74.87264928246434,"Min Suk Kim","sa3020694",
"Hyun Bin Moon 문현빈","- - -","—",1633,0.080220453,0.151867728,0.528225806,0.291551246,0.354359925,0.426592797,0.780952722,0.135041551,4.623646340835169,0.328836424,-1.8078865478746593,224.51198641899515,22.535036757025026,0.3574208676371326,111.14050690368202,"Hyun Bin Moon","sa3020698",
"Gun Hee Kim 김건희","- - -","—",848,0.0625,0.295990566,0.211155378,0.244530244,0.289630512,0.371943371,0.661573883,0.127413127,2.361013162114327,0.333976833,-0.6622377682942897,78.1335415668951,-29.783589097095863,0.3000997156260406,72.0702738552837,"Gun Hee Kim","sa3020912",
"Young Mook Hwang 황영묵","- - -","—",757,0.081902245,0.142668428,0.574074074,0.284023668,0.351134846,0.360946745,0.712081591,0.076923077,4.365734782048915,0.332155477,-4.414337916765362,91.24363372132234,-6.492376994043074,0.33385279882097435,93.19570543873434,"Young Mook Hwang","sa3023498",
"Jun Jae Jeong 정준재","- - -","—",908,0.101321585,0.190528634,0.531791907,0.277061855,0.357224118,0.350515463,0.707739581,0.073453608,7.808962892488589,0.352066115,3.3612068775109947,109.27973520463965,-5.492451432285093,0.3342976240574703,94.7654236539952,"Jun Jae Jeong","sa3023563",
"Hyun Min Ahn 안현민","- - -","—",578,0.153979238,0.169550173,0.908163265,0.330508474,0.446366782,0.569915254,1.016282036,0.23940678,5.465925625156349,0.369318181,0.38175963377580047,124.50345251164583,53.47351798615601,0.45391433214017857,175.73217549218214,"Hyun Min Ahn","sa3023680",
"Joon Seo Eo 어준서","- - -","—",407,0.081081081,0.208845208,0.388235294,0.23705722,0.304455445,0.316076294,0.620531739,0.079019074,3.441857387546481,0.292418772,-0.2263136524707079,35.25772514402596,-14.481822570565066,0.29277753430619724,70.99126624936652,"Joon Seo Eo","sa3066885",
"Jun Soon Park 박준순","- - -","—",465,0.040860215,0.189247311,0.21590909,0.295194508,0.328293736,0.42791762,0.756211356,0.132723112,5.703144308056498,0.347953216,0.409530543256551,58.68631094979034,1.327972519266475,0.34268523655928573,101.88535847756907,"Jun Soon Park","sa3067161",
"Jae-Hoon Ha 하재훈","- - -","—",721,0.062413314,0.28294036,0.220588235,0.250764525,0.30264993,0.429663608,0.732313538,0.178899083,6.20056644811962,0.31797235,3.354739948641509,82.90628858499662,-7.617841163347797,0.32984037464224425,92.71008211717886,"Jae-Hoon Ha","sa502535",
"Hak-Ju Lee 이학주","- - -","—",661,0.071104387,0.287443267,0.247368421,0.216216216,0.280185758,0.326013513,0.606199271,0.109797297,4.625064072085077,0.296675191,-2.1372199415927753,52.56097093195546,-27.678000346115947,0.2851173486502916,65.06445731136333,"Hak-Ju Lee","sa502536",
"Mel Rojas Jr. 로하스","- - -","—",1054,0.129032258,0.176470588,0.731182795,0.295681063,0.388994307,0.516057585,0.905051892,0.220376522,2.4047965685168964,0.325478645,-1.1884935039561242,187.18798425673526,49.90900766729397,0.4001533381655212,135.22925279989016,"Mel Rojas Jr.","sa548194",
"Dong-Yub Kim 김동엽","- - -","—",535,0.056074766,0.203738317,0.275229357,0.234693877,0.284112149,0.351020408,0.635132557,0.116326531,2.3311080368027017,0.275132275,-1.3406319067580625,45.647899715933136,-18.744829924073894,0.295119342844138,71.48721508331293,"Dong-Yub Kim","sa598813",
"Ho-young Son 손호영","- - -","—",1056,0.053030303,0.171401515,0.309392265,0.269674711,0.321188878,0.417628541,0.738817419,0.14795383,5.332223430311785,0.302910052,-1.4417255670996383,127.24305195719357,-6.985130373534005,0.3331341855693161,93.61451723441378,"Ho-young Son","sa830429",
"Yonathan Perlaza 페라자","- - -","—",800,0.1275,0.225,0.566666666,0.293604651,0.384711779,0.513081395,0.897793174,0.219476744,3.7602926616530157,0.346638655,-1.647490449482575,138.46265831189126,32.782591428327244,0.39739396779105085,131.6887330390899,"Yonathan Perlaza","sa917302",